order_id,order_date,customer_id,region_id,channel,order_status,coupon_code,shipping_fee_charged,promised_delivery_date,delivered_date
ORD-00001,2026-04-14,C0018,R02,Marketplace,Delivered,,29,2026-04-17,2026-04-17
ORD-00002,2026-04-06,C0035,R03,Marketplace,Delivered,,29,2026-04-09,2026-04-11
ORD-00003,2026-04-21,C0052,R04,Web,Delivered,BLOOM10,49,2026-04-24,2026-04-28
ORD-00004,2026-04-06,C0069,R01,Web,Delivered,WELCOME5,29,2026-04-09,2026-04-08
ORD-00005,2026-04-09,C0086,R02,App,Delivered,,29,2026-04-15,2026-04-16
ORD-00006,2026-04-20,C0103,R03,Web,Delivered,VALUE15,29,2026-04-26,2026-04-22
ORD-00007,2026-04-21,C0120,R04,Web,Delivered,WELCOME5,49,2026-04-26,2026-04-28
ORD-00008,2026-04-01,C0137,R01,App,Delivered,,29,2026-04-07,2026-04-05
ORD-00009,2026-04-09,C0154,R02,Web,Delivered,,29,2026-04-15,2026-04-14
ORD-00010,2026-04-19,C0171,R03,Marketplace,Delivered,,29,2026-04-23,2026-04-26
ORD-00011,2026-04-06,C0188,R04,Marketplace,Delivered,BLOOM10,49,2026-04-11,2026-04-13
ORD-00012,2026-04-13,C0205,R01,Web,Delivered,,29,2026-04-18,2026-04-15
ORD-00013,2026-04-08,C0222,R02,App,Delivered,,29,2026-04-11,2026-04-15
ORD-00014,2026-04-01,C0239,R03,Web,Delivered,BLOOM10,29,2026-04-04,2026-04-08
ORD-00015,2026-04-13,C0256,R04,App,Delivered,BLOOM10,49,2026-04-18,2026-04-17
ORD-00016,2026-04-01,C0273,R01,App,Delivered,FESTIVE20,29,2026-04-05,2026-04-03
ORD-00017,2026-04-26,C0290,R02,Marketplace,Delivered,VALUE15,29,2026-05-01,2026-04-29
ORD-00018,2026-04-06,C0307,R03,Web,Delivered,BLOOM10,29,2026-04-10,2026-04-09
ORD-00019,2026-04-05,C0324,R04,App,Delivered,VALUE15,49,2026-04-11,2026-04-08
ORD-00020,2026-04-11,C0341,R01,Marketplace,Delivered,VALUE15,29,2026-04-17,2026-04-18
ORD-00021,2026-04-18,C0358,R02,Marketplace,Delivered,,29,2026-04-23,2026-04-24
ORD-00022,2026-04-06,C0375,R03,Web,Delivered,VALUE15,29,2026-04-11,2026-04-12
ORD-00023,2026-04-04,C0392,R04,App,Delivered,,49,2026-04-09,2026-04-10
ORD-00024,2026-04-19,C0409,R01,Marketplace,Cancelled,,0,,
ORD-00025,2026-04-05,C0426,R02,App,Delivered,,29,2026-04-09,2026-04-09
ORD-00026,2026-04-20,C0443,R03,App,Delivered,,29,2026-04-26,2026-04-24
ORD-00027,2026-04-22,C0460,R04,Web,Delivered,BLOOM10,49,2026-04-27,2026-04-24
ORD-00028,2026-04-04,C0477,R01,Web,Delivered,WELCOME5,29,2026-04-08,2026-04-07
ORD-00029,2026-04-01,C0494,R02,Web,Delivered,,29,2026-04-04,2026-04-03
ORD-00030,2026-04-02,C0511,R03,Web,Delivered,WELCOME5,29,2026-04-06,2026-04-07
ORD-00031,2026-04-14,C0528,R04,Web,Delivered,WELCOME5,49,2026-04-19,2026-04-17
ORD-00032,2026-04-15,C0545,R01,Marketplace,Delivered,FESTIVE20,29,2026-04-20,2026-04-23
ORD-00033,2026-04-21,C0562,R02,App,Delivered,WELCOME5,29,2026-04-27,2026-04-24
ORD-00034,2026-04-24,C0579,R03,Web,Delivered,,29,2026-04-27,2026-04-28
ORD-00035,2026-04-18,C0596,R04,App,Delivered,,49,2026-04-24,2026-04-23
ORD-00036,2026-04-24,C0613,R01,App,Delivered,VALUE15,29,2026-04-30,2026-04-30
ORD-00037,2026-04-02,C0630,R02,Marketplace,Delivered,,29,2026-04-07,2026-04-04
ORD-00038,2026-04-22,C0647,R03,App,Delivered,VALUE15,29,2026-04-28,2026-04-28
ORD-00039,2026-04-18,C0664,R04,Marketplace,Delivered,WELCOME5,49,2026-04-21,2026-04-25
ORD-00040,2026-04-01,C0681,R01,Web,Delivered,,29,2026-04-07,2026-04-03
ORD-00041,2026-04-20,C0698,R02,Marketplace,Delivered,FESTIVE20,29,2026-04-26,2026-04-25
ORD-00042,2026-04-21,C0015,R03,Marketplace,Delivered,,29,2026-04-27,2026-04-25
ORD-00043,2026-04-06,C0032,R04,Marketplace,Delivered,,49,2026-04-09,2026-04-13
ORD-00044,2026-04-23,C0049,R01,Marketplace,Delivered,WELCOME5,29,2026-04-29,2026-04-28
ORD-00045,2026-04-22,C0066,R02,App,Delivered,,29,2026-04-25,2026-04-30
ORD-00046,2026-04-24,C0083,R03,Web,Delivered,,29,2026-04-27,2026-04-28
ORD-00047,2026-04-08,C0100,R04,App,Delivered,VALUE15,49,2026-04-14,2026-04-16
ORD-00048,2026-04-05,C0117,R01,Marketplace,Cancelled,VALUE15,0,,
ORD-00049,2026-04-24,C0134,R02,App,Delivered,VALUE15,29,2026-04-28,2026-05-01
ORD-00050,2026-04-17,C0151,R03,App,Delivered,,29,2026-04-22,2026-04-22
ORD-00051,2026-04-10,C0168,R04,Marketplace,Delivered,WELCOME5,49,2026-04-16,2026-04-16
ORD-00052,2026-04-23,C0185,R01,Marketplace,Delivered,WELCOME5,29,2026-04-28,2026-04-26
ORD-00053,2026-04-14,C0202,R02,Marketplace,Delivered,VALUE15,29,2026-04-20,2026-04-20
ORD-00054,2026-04-08,C0219,R03,App,Delivered,BLOOM10,29,2026-04-11,2026-04-14
ORD-00055,2026-04-24,C0236,R04,Marketplace,Delivered,VALUE15,49,2026-04-30,2026-04-27
ORD-00056,2026-04-21,C0253,R01,Web,Delivered,,29,2026-04-26,2026-04-23
ORD-00057,2026-04-20,C0270,R02,App,Delivered,,29,2026-04-26,2026-04-25
ORD-00058,2026-04-10,C0287,R03,Web,Delivered,,29,2026-04-14,2026-04-17
ORD-00059,2026-04-06,C0304,R04,App,Delivered,BLOOM10,49,2026-04-11,2026-04-08
ORD-00060,2026-04-12,C0321,R01,App,Delivered,,29,2026-04-17,2026-04-17
ORD-00061,2026-04-23,C0338,R02,Marketplace,Delivered,,29,2026-04-27,2026-04-26
ORD-00062,2026-04-06,C0355,R03,App,Delivered,WELCOME5,29,2026-04-09,2026-04-08
ORD-00063,2026-04-21,C0372,R04,App,Delivered,,49,2026-04-26,2026-04-23
ORD-00064,2026-04-16,C0389,R01,Marketplace,Delivered,FESTIVE20,29,2026-04-21,2026-04-24
ORD-00065,2026-04-04,C0406,R02,Marketplace,Delivered,BLOOM10,29,2026-04-08,2026-04-06
ORD-00066,2026-04-17,C0423,R03,App,Delivered,,29,2026-04-23,2026-04-21
ORD-00067,2026-04-13,C0440,R04,Marketplace,Delivered,,49,2026-04-19,2026-04-20
ORD-00068,2026-04-15,C0457,R01,Web,Delivered,,29,2026-04-21,2026-04-20
ORD-00069,2026-04-23,C0474,R02,Web,Delivered,,29,2026-04-28,2026-04-25
ORD-00070,2026-04-09,C0491,R03,App,Delivered,,29,2026-04-14,2026-04-14
ORD-00071,2026-04-26,C0508,R04,Web,Delivered,FESTIVE20,49,2026-05-01,2026-05-01
ORD-00072,2026-04-27,C0525,R01,App,Cancelled,,0,,
ORD-00073,2026-04-27,C0542,R02,App,Delivered,VALUE15,29,2026-05-01,2026-04-30
ORD-00074,2026-04-20,C0559,R03,App,Delivered,,29,2026-04-26,2026-04-24
ORD-00075,2026-04-23,C0576,R04,Web,Delivered,,49,2026-04-28,2026-04-28
ORD-00076,2026-04-22,C0593,R01,Marketplace,Delivered,FESTIVE20,29,2026-04-28,2026-04-29
ORD-00077,2026-04-27,C0610,R02,Marketplace,Delivered,,29,2026-04-30,2026-05-05
ORD-00078,2026-04-12,C0627,R03,App,Delivered,,29,2026-04-18,2026-04-20
ORD-00079,2026-04-04,C0644,R04,App,Delivered,,49,2026-04-08,2026-04-12
ORD-00080,2026-04-02,C0661,R01,Web,Delivered,,29,2026-04-07,2026-04-09
ORD-00081,2026-04-26,C0678,R02,App,Delivered,VALUE15,29,2026-05-02,2026-04-29
ORD-00082,2026-04-09,C0695,R03,Marketplace,Delivered,BLOOM10,29,2026-04-14,2026-04-13
ORD-00083,2026-04-22,C0012,R04,Marketplace,Delivered,,49,2026-04-25,2026-04-25
ORD-00084,2026-04-18,C0029,R01,Web,Delivered,WELCOME5,29,2026-04-22,2026-04-23
ORD-00085,2026-04-03,C0046,R02,App,Delivered,,29,2026-04-06,2026-04-10
ORD-00086,2026-04-23,C0063,R03,Web,Delivered,VALUE15,29,2026-04-27,2026-04-25
ORD-00087,2026-04-14,C0080,R04,Web,Delivered,FESTIVE20,49,2026-04-19,2026-04-22
ORD-00088,2026-04-11,C0097,R01,App,Delivered,FESTIVE20,29,2026-04-15,2026-04-19
ORD-00089,2026-04-13,C0114,R02,Marketplace,Delivered,,29,2026-04-16,2026-04-21
ORD-00090,2026-04-10,C0131,R03,Marketplace,Delivered,WELCOME5,29,2026-04-13,2026-04-14
ORD-00091,2026-04-02,C0148,R04,Web,Delivered,VALUE15,49,2026-04-08,2026-04-05
ORD-00092,2026-04-13,C0165,R01,Marketplace,Delivered,,29,2026-04-17,2026-04-16
ORD-00093,2026-04-14,C0182,R02,Web,Delivered,,29,2026-04-19,2026-04-22
ORD-00094,2026-04-04,C0199,R03,Marketplace,Delivered,BLOOM10,29,2026-04-08,2026-04-09
ORD-00095,2026-04-24,C0216,R04,App,Delivered,,49,2026-04-29,2026-05-02
ORD-00096,2026-04-14,C0233,R01,Marketplace,Cancelled,,0,,
ORD-00097,2026-04-21,C0250,R02,App,Delivered,,29,2026-04-24,2026-04-28
ORD-00098,2026-04-02,C0267,R03,Web,Delivered,,29,2026-04-08,2026-04-09
ORD-00099,2026-04-20,C0284,R04,Marketplace,Delivered,,49,2026-04-26,2026-04-25
ORD-00100,2026-04-21,C0301,R01,Web,Delivered,,29,2026-04-27,2026-04-26
ORD-00101,2026-04-07,C0318,R02,Marketplace,Delivered,,29,2026-04-10,2026-04-11
ORD-00102,2026-04-07,C0335,R03,Web,Delivered,BLOOM10,29,2026-04-13,2026-04-12
ORD-00103,2026-04-14,C0352,R04,Web,Delivered,,49,2026-04-18,2026-04-20
ORD-00104,2026-04-05,C0369,R01,Web,Delivered,VALUE15,29,2026-04-09,2026-04-10
ORD-00105,2026-04-14,C0386,R02,Web,Delivered,FESTIVE20,29,2026-04-20,2026-04-16
ORD-00106,2026-04-12,C0403,R03,Marketplace,Delivered,,29,2026-04-15,2026-04-18
ORD-00107,2026-04-02,C0420,R04,Web,Delivered,BLOOM10,49,2026-04-08,2026-04-10
ORD-00108,2026-04-18,C0437,R01,Web,Delivered,,29,2026-04-24,2026-04-20
ORD-00109,2026-04-05,C0454,R02,App,Delivered,,29,2026-04-08,2026-04-13
ORD-00110,2026-04-17,C0471,R03,App,Delivered,FESTIVE20,29,2026-04-21,2026-04-23
ORD-00111,2026-04-18,C0488,R04,App,Delivered,,49,2026-04-21,2026-04-23
ORD-00112,2026-04-16,C0505,R01,App,Delivered,WELCOME5,29,2026-04-20,2026-04-24
ORD-00113,2026-04-24,C0522,R02,App,Delivered,BLOOM10,29,2026-04-29,2026-05-02
ORD-00114,2026-04-23,C0539,R03,App,Delivered,BLOOM10,29,2026-04-29,2026-04-27
ORD-00115,2026-04-17,C0556,R04,App,Delivered,,49,2026-04-21,2026-04-19
ORD-00116,2026-04-10,C0573,R01,Web,Delivered,,29,2026-04-13,2026-04-12
ORD-00117,2026-04-10,C0590,R02,Marketplace,Delivered,WELCOME5,29,2026-04-13,2026-04-18
ORD-00118,2026-04-26,C0607,R03,Web,Delivered,,29,2026-04-30,2026-04-28
ORD-00119,2026-04-13,C0624,R04,Marketplace,Delivered,,49,2026-04-16,2026-04-15
ORD-00120,2026-04-16,C0641,R01,Web,Cancelled,FESTIVE20,0,,
ORD-00121,2026-04-18,C0658,R02,App,Delivered,,29,2026-04-23,2026-04-23
ORD-00122,2026-04-06,C0675,R03,App,Delivered,,29,2026-04-11,2026-04-13
ORD-00123,2026-04-08,C0692,R04,App,Delivered,FESTIVE20,49,2026-04-11,2026-04-16
ORD-00124,2026-04-13,C0009,R01,Web,Delivered,,29,2026-04-17,2026-04-15
ORD-00125,2026-04-21,C0026,R02,Marketplace,Delivered,,29,2026-04-25,2026-04-25
ORD-00126,2026-04-07,C0043,R03,Marketplace,Delivered,,29,2026-04-12,2026-04-15
ORD-00127,2026-04-12,C0060,R04,App,Delivered,,49,2026-04-16,2026-04-15
ORD-00128,2026-04-18,C0077,R01,Web,Delivered,WELCOME5,29,2026-04-22,2026-04-21
ORD-00129,2026-04-10,C0094,R02,Web,Delivered,,29,2026-04-14,2026-04-17
ORD-00130,2026-04-11,C0111,R03,App,Delivered,,29,2026-04-17,2026-04-18
ORD-00131,2026-04-15,C0128,R04,Web,Delivered,WELCOME5,49,2026-04-19,2026-04-22
ORD-00132,2026-04-08,C0145,R01,Web,Delivered,,29,2026-04-14,2026-04-12
ORD-00133,2026-04-26,C0162,R02,App,Delivered,,29,2026-04-30,2026-05-02
ORD-00134,2026-04-07,C0179,R03,Web,Delivered,,29,2026-04-11,2026-04-09
ORD-00135,2026-04-12,C0196,R04,App,Delivered,,49,2026-04-15,2026-04-15
ORD-00136,2026-04-13,C0213,R01,Marketplace,Delivered,,29,2026-04-16,2026-04-15
ORD-00137,2026-04-15,C0230,R02,Web,Delivered,,29,2026-04-18,2026-04-20
ORD-00138,2026-04-14,C0247,R03,App,Delivered,,29,2026-04-19,2026-04-18
ORD-00139,2026-04-14,C0264,R04,Web,Delivered,,49,2026-04-18,2026-04-18
ORD-00140,2026-04-19,C0281,R01,Web,Delivered,,29,2026-04-22,2026-04-23
ORD-00141,2026-04-25,C0298,R02,App,Delivered,WELCOME5,29,2026-04-29,2026-04-28
ORD-00142,2026-04-18,C0315,R03,App,Delivered,WELCOME5,29,2026-04-22,2026-04-26
ORD-00143,2026-04-05,C0332,R04,Marketplace,Delivered,,49,2026-04-08,2026-04-08
ORD-00144,2026-04-08,C0349,R01,Marketplace,Cancelled,,0,,
ORD-00145,2026-04-19,C0366,R02,App,Delivered,VALUE15,29,2026-04-22,2026-04-27
ORD-00146,2026-04-06,C0383,R03,Web,Delivered,,29,2026-04-10,2026-04-13
ORD-00147,2026-04-01,C0400,R04,Marketplace,Delivered,,49,2026-04-07,2026-04-05
ORD-00148,2026-04-15,C0417,R01,Web,Delivered,FESTIVE20,29,2026-04-18,2026-04-18
ORD-00149,2026-04-03,C0434,R02,Marketplace,Delivered,,29,2026-04-08,2026-04-07
ORD-00150,2026-04-26,C0451,R03,App,Delivered,VALUE15,29,2026-04-29,2026-04-30
ORD-00151,2026-04-17,C0468,R04,App,Delivered,,49,2026-04-23,2026-04-25
ORD-00152,2026-04-16,C0485,R01,Web,Delivered,,29,2026-04-19,2026-04-24
ORD-00153,2026-04-13,C0502,R02,Web,Delivered,,29,2026-04-19,2026-04-15
ORD-00154,2026-04-09,C0519,R03,App,Delivered,,29,2026-04-14,2026-04-16
ORD-00155,2026-04-24,C0536,R04,Marketplace,Delivered,,49,2026-04-27,2026-05-02
ORD-00156,2026-04-21,C0553,R01,App,Delivered,,29,2026-04-27,2026-04-23
ORD-00157,2026-04-20,C0570,R02,Web,Delivered,,29,2026-04-26,2026-04-24
ORD-00158,2026-04-01,C0587,R03,App,Delivered,,29,2026-04-07,2026-04-09
ORD-00159,2026-04-02,C0604,R04,Marketplace,Delivered,,49,2026-04-05,2026-04-10
ORD-00160,2026-04-26,C0621,R01,Web,Delivered,,29,2026-04-30,2026-05-03
ORD-00161,2026-05-09,C0638,R03,Marketplace,Delivered,FESTIVE20,29,2026-05-14,2026-05-14
ORD-00162,2026-05-14,C0655,R04,App,Delivered,WELCOME5,49,2026-05-18,2026-05-18
ORD-00163,2026-05-22,C0672,R01,App,Delivered,,29,2026-05-28,2026-05-24
ORD-00164,2026-05-10,C0689,R02,Web,Delivered,BLOOM10,29,2026-05-13,2026-05-17
ORD-00165,2026-05-03,C0006,R03,App,Delivered,,29,2026-05-07,2026-05-11
ORD-00166,2026-05-15,C0023,R04,Web,Delivered,,49,2026-05-20,2026-05-20
ORD-00167,2026-05-06,C0040,R01,App,Delivered,,29,2026-05-10,2026-05-09
ORD-00168,2026-05-15,C0057,R02,App,Cancelled,WELCOME5,0,,
ORD-00169,2026-05-14,C0074,R03,Web,Delivered,FESTIVE20,29,2026-05-20,2026-05-21
ORD-00170,2026-05-26,C0091,R04,Web,Delivered,,49,2026-05-30,2026-06-03
ORD-00171,2026-05-09,C0108,R01,Web,Delivered,BLOOM10,29,2026-05-14,2026-05-13
ORD-00172,2026-05-17,C0125,R02,App,Delivered,,29,2026-05-23,2026-05-23
ORD-00173,2026-05-18,C0142,R03,Marketplace,Delivered,BLOOM10,29,2026-05-24,2026-05-23
ORD-00174,2026-05-20,C0159,R04,App,Delivered,,49,2026-05-24,2026-05-24
ORD-00175,2026-05-20,C0176,R01,Marketplace,Delivered,WELCOME5,29,2026-05-26,2026-05-25
ORD-00176,2026-05-23,C0193,R02,App,Delivered,,29,2026-05-27,2026-05-26
ORD-00177,2026-05-22,C0210,R03,Marketplace,Delivered,,29,2026-05-25,2026-05-28
ORD-00178,2026-05-26,C0227,R04,App,Delivered,FESTIVE20,49,2026-05-30,2026-06-02
ORD-00179,2026-05-08,C0244,R01,Marketplace,Delivered,,29,2026-05-13,2026-05-14
ORD-00180,2026-05-19,C0261,R02,Web,Delivered,,29,2026-05-23,2026-05-26
ORD-00181,2026-05-04,C0278,R03,App,Delivered,,29,2026-05-08,2026-05-09
ORD-00182,2026-05-08,C0295,R04,Marketplace,Delivered,,49,2026-05-13,2026-05-13
ORD-00183,2026-05-06,C0312,R01,Marketplace,Delivered,,29,2026-05-09,2026-05-13
ORD-00184,2026-05-21,C0329,R02,Web,Delivered,BLOOM10,29,2026-05-26,2026-05-29
ORD-00185,2026-05-01,C0346,R03,Web,Delivered,WELCOME5,29,2026-05-07,2026-05-05
ORD-00186,2026-05-10,C0363,R04,Marketplace,Delivered,,49,2026-05-13,2026-05-18
ORD-00187,2026-05-09,C0380,R01,App,Delivered,WELCOME5,29,2026-05-12,2026-05-12
ORD-00188,2026-05-13,C0397,R02,Web,Delivered,,29,2026-05-19,2026-05-19
ORD-00189,2026-05-11,C0414,R03,Marketplace,Delivered,,29,2026-05-17,2026-05-14
ORD-00190,2026-05-13,C0431,R04,App,Delivered,VALUE15,49,2026-05-17,2026-05-17
ORD-00191,2026-05-23,C0448,R01,Marketplace,Delivered,FESTIVE20,29,2026-05-28,2026-05-27
ORD-00192,2026-05-09,C0465,R02,Web,Cancelled,WELCOME5,0,,
ORD-00193,2026-05-13,C0482,R03,Web,Delivered,,29,2026-05-18,2026-05-16
ORD-00194,2026-05-15,C0499,R04,Marketplace,Delivered,FESTIVE20,49,2026-05-20,2026-05-17
ORD-00195,2026-05-13,C0516,R01,Marketplace,Delivered,,29,2026-05-16,2026-05-16
ORD-00196,2026-05-24,C0533,R02,Marketplace,Delivered,,29,2026-05-28,2026-05-30
ORD-00197,2026-05-01,C0550,R03,Web,Delivered,,29,2026-05-07,2026-05-06
ORD-00198,2026-05-06,C0567,R04,App,Delivered,VALUE15,49,2026-05-09,2026-05-11
ORD-00199,2026-05-23,C0584,R01,App,Delivered,,29,2026-05-28,2026-05-29
ORD-00200,2026-05-22,C0601,R02,Web,Delivered,BLOOM10,29,2026-05-25,2026-05-26
ORD-00201,2026-05-12,C0618,R03,Web,Delivered,FESTIVE20,29,2026-05-16,2026-05-18
ORD-00202,2026-05-07,C0635,R04,Marketplace,Delivered,VALUE15,49,2026-05-12,2026-05-13
ORD-00203,2026-05-12,C0652,R01,App,Delivered,BLOOM10,29,2026-05-15,2026-05-18
ORD-00204,2026-05-17,C0669,R02,App,Delivered,,29,2026-05-20,2026-05-24
ORD-00205,2026-05-13,C0686,R03,Web,Delivered,BLOOM10,29,2026-05-18,2026-05-19
ORD-00206,2026-05-22,C0003,R04,Marketplace,Delivered,,49,2026-05-27,2026-05-28
ORD-00207,2026-05-11,C0020,R01,App,Delivered,WELCOME5,29,2026-05-14,2026-05-19
ORD-00208,2026-05-10,C0037,R02,App,Delivered,WELCOME5,29,2026-05-14,2026-05-15
ORD-00209,2026-05-25,C0054,R03,App,Delivered,,29,2026-05-30,2026-05-31
ORD-00210,2026-05-04,C0071,R04,App,Delivered,FESTIVE20,49,2026-05-10,2026-05-12
ORD-00211,2026-05-17,C0088,R01,Marketplace,Delivered,,29,2026-05-20,2026-05-21
ORD-00212,2026-05-10,C0105,R02,App,Delivered,,29,2026-05-16,2026-05-17
ORD-00213,2026-05-02,C0122,R03,App,Delivered,,29,2026-05-07,2026-05-10
ORD-00214,2026-05-04,C0139,R04,Web,Delivered,BLOOM10,49,2026-05-09,2026-05-11
ORD-00215,2026-05-27,C0156,R01,App,Delivered,BLOOM10,29,2026-06-01,2026-06-02
ORD-00216,2026-05-12,C0173,R02,Marketplace,Cancelled,,0,,
ORD-00217,2026-05-20,C0190,R03,App,Delivered,,29,2026-05-24,2026-05-22
ORD-00218,2026-05-22,C0207,R04,App,Delivered,BLOOM10,49,2026-05-28,2026-05-28
ORD-00219,2026-05-01,C0224,R01,Marketplace,Delivered,,29,2026-05-05,2026-05-08
ORD-00220,2026-05-16,C0241,R02,Web,Delivered,,29,2026-05-21,2026-05-23
ORD-00221,2026-05-07,C0258,R03,Web,Delivered,VALUE15,29,2026-05-13,2026-05-12
ORD-00222,2026-05-18,C0275,R04,Web,Delivered,BLOOM10,49,2026-05-22,2026-05-21
ORD-00223,2026-05-19,C0292,R01,Web,Delivered,,29,2026-05-22,2026-05-27
ORD-00224,2026-05-23,C0309,R02,Marketplace,Delivered,WELCOME5,29,2026-05-26,2026-05-27
ORD-00225,2026-05-18,C0326,R03,Web,Delivered,,29,2026-05-22,2026-05-22
ORD-00226,2026-05-14,C0343,R04,App,Delivered,,49,2026-05-18,2026-05-18
ORD-00227,2026-05-17,C0360,R01,Web,Delivered,VALUE15,29,2026-05-22,2026-05-21
ORD-00228,2026-05-10,C0377,R02,Marketplace,Delivered,FESTIVE20,29,2026-05-15,2026-05-13
ORD-00229,2026-05-15,C0394,R03,Marketplace,Delivered,BLOOM10,29,2026-05-21,2026-05-21
ORD-00230,2026-05-06,C0411,R04,Marketplace,Delivered,WELCOME5,49,2026-05-09,2026-05-09
ORD-00231,2026-05-15,C0428,R01,Marketplace,Delivered,,29,2026-05-19,2026-05-19
ORD-00232,2026-05-20,C0445,R02,App,Delivered,WELCOME5,29,2026-05-26,2026-05-24
ORD-00233,2026-05-26,C0462,R03,App,Delivered,VALUE15,29,2026-06-01,2026-05-29
ORD-00234,2026-05-06,C0479,R04,Marketplace,Delivered,VALUE15,49,2026-05-11,2026-05-14
ORD-00235,2026-05-13,C0496,R01,Marketplace,Delivered,VALUE15,29,2026-05-17,2026-05-17
ORD-00236,2026-05-15,C0513,R02,Web,Delivered,,29,2026-05-21,2026-05-21
ORD-00237,2026-05-16,C0530,R03,Web,Delivered,VALUE15,29,2026-05-21,2026-05-19
ORD-00238,2026-05-13,C0547,R04,App,Delivered,WELCOME5,49,2026-05-17,2026-05-18
ORD-00239,2026-05-16,C0564,R01,Web,Delivered,,29,2026-05-22,2026-05-22
ORD-00240,2026-05-04,C0581,R02,Marketplace,Cancelled,,0,,
ORD-00241,2026-05-05,C0598,R03,Marketplace,Delivered,FESTIVE20,29,2026-05-10,2026-05-10
ORD-00242,2026-05-17,C0615,R04,App,Delivered,,49,2026-05-21,2026-05-21
ORD-00243,2026-05-08,C0632,R01,Web,Delivered,BLOOM10,29,2026-05-14,2026-05-15
ORD-00244,2026-05-22,C0649,R02,App,Delivered,BLOOM10,29,2026-05-25,2026-05-24
ORD-00245,2026-05-12,C0666,R03,Web,Delivered,BLOOM10,29,2026-05-15,2026-05-20
ORD-00246,2026-05-05,C0683,R04,Marketplace,Delivered,,49,2026-05-11,2026-05-13
ORD-00247,2026-05-05,C0700,R01,App,Delivered,,29,2026-05-08,2026-05-10
ORD-00248,2026-05-13,C0017,R02,Marketplace,Delivered,,29,2026-05-16,2026-05-16
ORD-00249,2026-05-02,C0034,R03,App,Delivered,FESTIVE20,29,2026-05-06,2026-05-10
ORD-00250,2026-05-11,C0051,R04,Web,Delivered,BLOOM10,49,2026-05-15,2026-05-17
ORD-00251,2026-05-16,C0068,R01,Marketplace,Delivered,,29,2026-05-21,2026-05-20
ORD-00252,2026-05-14,C0085,R02,Marketplace,Delivered,,29,2026-05-17,2026-05-20
ORD-00253,2026-05-02,C0102,R03,Marketplace,Delivered,WELCOME5,29,2026-05-08,2026-05-05
ORD-00254,2026-05-14,C0119,R04,Web,Delivered,,49,2026-05-20,2026-05-21
ORD-00255,2026-05-21,C0136,R01,Marketplace,Delivered,,29,2026-05-24,2026-05-25
ORD-00256,2026-05-26,C0153,R02,App,Delivered,,29,2026-05-29,2026-05-30
ORD-00257,2026-05-11,C0170,R03,App,Delivered,VALUE15,29,2026-05-17,2026-05-16
ORD-00258,2026-05-04,C0187,R04,App,Delivered,,49,2026-05-08,2026-05-10
ORD-00259,2026-05-02,C0204,R01,Web,Delivered,FESTIVE20,29,2026-05-07,2026-05-10
ORD-00260,2026-05-10,C0221,R02,Marketplace,Delivered,,29,2026-05-15,2026-05-17
ORD-00261,2026-05-01,C0238,R03,App,Delivered,,29,2026-05-05,2026-05-06
ORD-00262,2026-05-01,C0255,R04,App,Delivered,,49,2026-05-06,2026-05-05
ORD-00263,2026-05-16,C0272,R01,Web,Delivered,FESTIVE20,29,2026-05-20,2026-05-20
ORD-00264,2026-05-21,C0289,R02,Marketplace,Cancelled,BLOOM10,0,,
ORD-00265,2026-05-12,C0306,R03,App,Delivered,,29,2026-05-17,2026-05-17
ORD-00266,2026-05-17,C0323,R04,Marketplace,Delivered,,49,2026-05-23,2026-05-22
ORD-00267,2026-05-22,C0340,R01,App,Delivered,BLOOM10,29,2026-05-27,2026-05-24
ORD-00268,2026-05-06,C0357,R02,Web,Delivered,VALUE15,29,2026-05-10,2026-05-12
ORD-00269,2026-05-22,C0374,R03,App,Delivered,FESTIVE20,29,2026-05-27,2026-05-25
ORD-00270,2026-05-04,C0391,R04,App,Delivered,,49,2026-05-09,2026-05-07
ORD-00271,2026-05-19,C0408,R01,App,Delivered,,29,2026-05-23,2026-05-26
ORD-00272,2026-05-22,C0425,R02,App,Delivered,,29,2026-05-27,2026-05-27
ORD-00273,2026-05-18,C0442,R03,Marketplace,Delivered,,29,2026-05-22,2026-05-22
ORD-00274,2026-05-10,C0459,R04,Marketplace,Delivered,,49,2026-05-16,2026-05-16
ORD-00275,2026-05-10,C0476,R01,App,Delivered,,29,2026-05-15,2026-05-17
ORD-00276,2026-05-05,C0493,R02,Marketplace,Delivered,FESTIVE20,29,2026-05-10,2026-05-07
ORD-00277,2026-05-11,C0510,R03,App,Delivered,FESTIVE20,29,2026-05-14,2026-05-14
ORD-00278,2026-05-08,C0527,R04,Marketplace,Delivered,VALUE15,49,2026-05-13,2026-05-11
ORD-00279,2026-05-11,C0544,R01,Web,Delivered,,29,2026-05-15,2026-05-15
ORD-00280,2026-05-16,C0561,R02,Web,Delivered,,29,2026-05-22,2026-05-19
ORD-00281,2026-05-23,C0578,R03,Marketplace,Delivered,BLOOM10,29,2026-05-29,2026-05-27
ORD-00282,2026-05-06,C0595,R04,App,Delivered,WELCOME5,49,2026-05-11,2026-05-09
ORD-00283,2026-05-10,C0612,R01,Web,Delivered,,29,2026-05-16,2026-05-18
ORD-00284,2026-05-20,C0629,R02,Marketplace,Delivered,WELCOME5,29,2026-05-23,2026-05-23
ORD-00285,2026-05-09,C0646,R03,Marketplace,Delivered,FESTIVE20,29,2026-05-14,2026-05-17
ORD-00286,2026-05-15,C0663,R04,Marketplace,Delivered,BLOOM10,49,2026-05-21,2026-05-18
ORD-00287,2026-05-11,C0680,R01,Marketplace,Delivered,,29,2026-05-16,2026-05-14
ORD-00288,2026-05-19,C0697,R02,Marketplace,Cancelled,,0,,
ORD-00289,2026-05-24,C0014,R03,Marketplace,Delivered,FESTIVE20,29,2026-05-27,2026-05-27
ORD-00290,2026-05-02,C0031,R04,App,Delivered,BLOOM10,49,2026-05-06,2026-05-08
ORD-00291,2026-05-21,C0048,R01,Web,Delivered,WELCOME5,29,2026-05-24,2026-05-24
ORD-00292,2026-05-07,C0065,R02,App,Delivered,,29,2026-05-12,2026-05-10
ORD-00293,2026-05-01,C0082,R03,Web,Delivered,BLOOM10,29,2026-05-07,2026-05-05
ORD-00294,2026-05-25,C0099,R04,App,Delivered,FESTIVE20,49,2026-05-30,2026-05-30
ORD-00295,2026-05-21,C0116,R01,Marketplace,Delivered,FESTIVE20,29,2026-05-27,2026-05-23
ORD-00296,2026-05-13,C0133,R02,Marketplace,Delivered,BLOOM10,29,2026-05-16,2026-05-20
ORD-00297,2026-05-07,C0150,R03,Marketplace,Delivered,BLOOM10,29,2026-05-10,2026-05-09
ORD-00298,2026-05-14,C0167,R04,Web,Delivered,WELCOME5,49,2026-05-20,2026-05-22
ORD-00299,2026-05-04,C0184,R01,Marketplace,Delivered,,29,2026-05-08,2026-05-07
ORD-00300,2026-05-06,C0201,R02,App,Delivered,,29,2026-05-12,2026-05-11
ORD-00301,2026-05-26,C0218,R03,App,Delivered,,29,2026-05-31,2026-06-03
ORD-00302,2026-05-08,C0235,R04,Marketplace,Delivered,,49,2026-05-12,2026-05-12
ORD-00303,2026-05-18,C0252,R01,Marketplace,Delivered,VALUE15,29,2026-05-24,2026-05-26
ORD-00304,2026-05-17,C0269,R02,Marketplace,Delivered,FESTIVE20,29,2026-05-22,2026-05-23
ORD-00305,2026-05-24,C0286,R03,App,Delivered,VALUE15,29,2026-05-27,2026-05-26
ORD-00306,2026-05-17,C0303,R04,App,Delivered,,49,2026-05-21,2026-05-19
ORD-00307,2026-05-24,C0320,R01,Marketplace,Delivered,,29,2026-05-27,2026-06-01
ORD-00308,2026-05-13,C0337,R02,Marketplace,Delivered,,29,2026-05-18,2026-05-21
ORD-00309,2026-05-08,C0354,R03,Marketplace,Delivered,,29,2026-05-11,2026-05-11
ORD-00310,2026-05-14,C0371,R04,App,Delivered,,49,2026-05-19,2026-05-21
ORD-00311,2026-05-13,C0388,R01,Marketplace,Delivered,BLOOM10,29,2026-05-17,2026-05-17
ORD-00312,2026-05-11,C0405,R02,App,Cancelled,,0,,
ORD-00313,2026-05-01,C0422,R03,App,Delivered,,29,2026-05-04,2026-05-08
ORD-00314,2026-05-08,C0439,R04,Marketplace,Delivered,BLOOM10,49,2026-05-14,2026-05-10
ORD-00315,2026-05-16,C0456,R01,App,Delivered,VALUE15,29,2026-05-21,2026-05-23
ORD-00316,2026-05-09,C0473,R02,Marketplace,Delivered,WELCOME5,29,2026-05-15,2026-05-17
ORD-00317,2026-05-19,C0490,R03,App,Delivered,VALUE15,29,2026-05-25,2026-05-21
ORD-00318,2026-05-04,C0507,R04,Web,Delivered,,49,2026-05-09,2026-05-12
ORD-00319,2026-05-02,C0524,R01,Marketplace,Delivered,FESTIVE20,29,2026-05-05,2026-05-04
ORD-00320,2026-05-16,C0541,R02,App,Delivered,,29,2026-05-20,2026-05-21
ORD-00321,2026-05-23,C0558,R03,App,Delivered,,29,2026-05-29,2026-05-26
ORD-00322,2026-05-18,C0575,R04,Web,Delivered,,49,2026-05-21,2026-05-23
ORD-00323,2026-05-15,C0592,R01,Marketplace,Delivered,BLOOM10,29,2026-05-20,2026-05-17
ORD-00324,2026-05-04,C0609,R02,Web,Delivered,WELCOME5,29,2026-05-09,2026-05-09
ORD-00325,2026-05-23,C0626,R03,Marketplace,Delivered,,29,2026-05-29,2026-05-28
ORD-00326,2026-05-01,C0643,R04,Web,Delivered,,49,2026-05-05,2026-05-03
ORD-00327,2026-05-23,C0660,R01,Marketplace,Delivered,BLOOM10,29,2026-05-28,2026-05-25
ORD-00328,2026-05-05,C0677,R02,Web,Delivered,,29,2026-05-11,2026-05-09
ORD-00329,2026-05-08,C0694,R03,Marketplace,Delivered,,29,2026-05-14,2026-05-12
ORD-00330,2026-05-13,C0011,R04,Marketplace,Delivered,FESTIVE20,49,2026-05-17,2026-05-16
ORD-00331,2026-05-24,C0028,R01,App,Delivered,VALUE15,29,2026-05-27,2026-05-28
ORD-00332,2026-05-07,C0045,R02,App,Delivered,,29,2026-05-12,2026-05-12
ORD-00333,2026-05-18,C0062,R03,Marketplace,Delivered,WELCOME5,29,2026-05-23,2026-05-22
ORD-00334,2026-05-20,C0079,R04,Marketplace,Delivered,,49,2026-05-25,2026-05-26
ORD-00335,2026-05-02,C0096,R01,Web,Delivered,BLOOM10,29,2026-05-05,2026-05-06
ORD-00336,2026-06-05,C0113,R03,Marketplace,Cancelled,BLOOM10,0,,
ORD-00337,2026-06-12,C0130,R04,App,Delivered,,49,2026-06-18,2026-06-20
ORD-00338,2026-06-15,C0147,R01,Web,Delivered,,29,2026-06-20,2026-06-23
ORD-00339,2026-06-02,C0164,R02,Web,Delivered,,29,2026-06-06,2026-06-04
ORD-00340,2026-06-18,C0181,R03,Web,Delivered,WELCOME5,29,2026-06-24,2026-06-25
ORD-00341,2026-06-05,C0198,R04,Marketplace,Delivered,FESTIVE20,49,2026-06-09,2026-06-10
ORD-00342,2026-06-20,C0215,R01,Marketplace,Delivered,BLOOM10,29,2026-06-23,2026-06-22
ORD-00343,2026-06-16,C0232,R02,Marketplace,Delivered,,29,2026-06-20,2026-06-18
ORD-00344,2026-06-05,C0249,R03,Web,Delivered,,29,2026-06-08,2026-06-11
ORD-00345,2026-06-17,C0266,R04,Web,Delivered,,49,2026-06-23,2026-06-24
ORD-00346,2026-06-04,C0283,R01,Marketplace,Delivered,VALUE15,29,2026-06-08,2026-06-10
ORD-00347,2026-06-18,C0300,R02,App,Delivered,,29,2026-06-23,2026-06-22
ORD-00348,2026-06-18,C0317,R03,App,Delivered,,29,2026-06-22,2026-06-23
ORD-00349,2026-06-22,C0334,R04,Web,Delivered,FESTIVE20,49,2026-06-25,2026-06-27
ORD-00350,2026-06-10,C0351,R01,Web,Delivered,,29,2026-06-14,2026-06-18
ORD-00351,2026-06-07,C0368,R02,Web,Delivered,VALUE15,29,2026-06-10,2026-06-15
ORD-00352,2026-06-08,C0385,R03,App,Delivered,VALUE15,29,2026-06-12,2026-06-16
ORD-00353,2026-06-02,C0402,R04,Web,Delivered,,49,2026-06-05,2026-06-08
ORD-00354,2026-06-04,C0419,R01,App,Delivered,,29,2026-06-07,2026-06-09
ORD-00355,2026-06-11,C0436,R02,Marketplace,Delivered,,29,2026-06-16,2026-06-14
ORD-00356,2026-06-22,C0453,R03,Web,Delivered,BLOOM10,29,2026-06-28,2026-06-25
ORD-00357,2026-06-22,C0470,R04,App,Delivered,WELCOME5,49,2026-06-27,2026-06-24
ORD-00358,2026-06-09,C0487,R01,App,Delivered,,29,2026-06-13,2026-06-11
ORD-00359,2026-06-17,C0504,R02,Marketplace,Delivered,,29,2026-06-20,2026-06-25
ORD-00360,2026-06-07,C0521,R03,Web,Cancelled,BLOOM10,0,,
ORD-00361,2026-06-04,C0538,R04,Marketplace,Delivered,FESTIVE20,49,2026-06-07,2026-06-12
ORD-00362,2026-06-07,C0555,R01,Web,Delivered,,29,2026-06-10,2026-06-11
ORD-00363,2026-06-22,C0572,R02,Marketplace,Delivered,,29,2026-06-25,2026-06-25
ORD-00364,2026-06-05,C0589,R03,Marketplace,Delivered,WELCOME5,29,2026-06-09,2026-06-07
ORD-00365,2026-06-13,C0606,R04,Marketplace,Delivered,,49,2026-06-18,2026-06-18
ORD-00366,2026-06-24,C0623,R01,App,Delivered,VALUE15,29,2026-06-27,2026-07-02
ORD-00367,2026-06-06,C0640,R02,App,Delivered,VALUE15,29,2026-06-09,2026-06-08
ORD-00368,2026-06-11,C0657,R03,App,Delivered,BLOOM10,29,2026-06-16,2026-06-15
ORD-00369,2026-06-06,C0674,R04,Web,Delivered,BLOOM10,49,2026-06-12,2026-06-09
ORD-00370,2026-06-23,C0691,R01,Marketplace,Delivered,WELCOME5,29,2026-06-26,2026-07-01
ORD-00371,2026-06-08,C0008,R02,Marketplace,Delivered,BLOOM10,29,2026-06-13,2026-06-14
ORD-00372,2026-06-10,C0025,R03,Web,Delivered,VALUE15,29,2026-06-15,2026-06-13
ORD-00373,2026-06-16,C0042,R04,App,Delivered,,49,2026-06-21,2026-06-18
ORD-00374,2026-06-06,C0059,R01,App,Delivered,FESTIVE20,29,2026-06-11,2026-06-09
ORD-00375,2026-06-14,C0076,R02,App,Delivered,VALUE15,29,2026-06-19,2026-06-18
ORD-00376,2026-06-19,C0093,R03,Marketplace,Delivered,,29,2026-06-23,2026-06-27
ORD-00377,2026-06-09,C0110,R04,Marketplace,Delivered,BLOOM10,49,2026-06-12,2026-06-13
ORD-00378,2026-06-18,C0127,R01,Web,Delivered,,29,2026-06-21,2026-06-25
ORD-00379,2026-06-02,C0144,R02,Web,Delivered,VALUE15,29,2026-06-06,2026-06-06
ORD-00380,2026-06-02,C0161,R03,App,Delivered,FESTIVE20,29,2026-06-08,2026-06-09
ORD-00381,2026-06-13,C0178,R04,App,Delivered,,49,2026-06-17,2026-06-16
ORD-00382,2026-06-17,C0195,R01,Web,Delivered,WELCOME5,29,2026-06-23,2026-06-23
ORD-00383,2026-06-23,C0212,R02,App,Delivered,FESTIVE20,29,2026-06-29,2026-06-25
ORD-00384,2026-06-21,C0229,R03,App,Cancelled,FESTIVE20,0,,
ORD-00385,2026-06-12,C0246,R04,App,Delivered,BLOOM10,49,2026-06-16,2026-06-18
ORD-00386,2026-06-14,C0263,R01,Marketplace,Delivered,WELCOME5,29,2026-06-17,2026-06-19
ORD-00387,2026-06-20,C0280,R02,Marketplace,Delivered,,29,2026-06-25,2026-06-27
ORD-00388,2026-06-25,C0297,R03,Marketplace,Delivered,VALUE15,29,2026-06-28,2026-07-02
ORD-00389,2026-06-21,C0314,R04,Web,Delivered,,49,2026-06-25,2026-06-24
ORD-00390,2026-06-13,C0331,R01,App,Delivered,,29,2026-06-17,2026-06-20
ORD-00391,2026-06-26,C0348,R02,Marketplace,Delivered,,29,2026-06-29,2026-07-01
ORD-00392,2026-06-10,C0365,R03,App,Delivered,VALUE15,29,2026-06-16,2026-06-12
ORD-00393,2026-06-06,C0382,R04,Web,Delivered,WELCOME5,49,2026-06-09,2026-06-12
ORD-00394,2026-06-18,C0399,R01,Marketplace,Delivered,VALUE15,29,2026-06-23,2026-06-24
ORD-00395,2026-06-20,C0416,R02,Web,Delivered,,29,2026-06-23,2026-06-26
ORD-00396,2026-06-11,C0433,R03,Web,Delivered,,29,2026-06-15,2026-06-14
ORD-00397,2026-06-16,C0450,R04,Web,Delivered,BLOOM10,49,2026-06-22,2026-06-24
ORD-00398,2026-06-04,C0467,R01,App,Delivered,,29,2026-06-10,2026-06-06
ORD-00399,2026-06-04,C0484,R02,Web,Delivered,FESTIVE20,29,2026-06-09,2026-06-09
ORD-00400,2026-06-15,C0501,R03,Web,Delivered,,29,2026-06-18,2026-06-22
ORD-00401,2026-06-10,C0518,R04,App,Delivered,WELCOME5,49,2026-06-14,2026-06-18
ORD-00402,2026-06-17,C0535,R01,Web,Delivered,BLOOM10,29,2026-06-20,2026-06-20
ORD-00403,2026-06-08,C0552,R02,Marketplace,Delivered,,29,2026-06-13,2026-06-15
ORD-00404,2026-06-20,C0569,R03,Web,Delivered,WELCOME5,29,2026-06-23,2026-06-24
ORD-00405,2026-06-26,C0586,R04,App,Delivered,,49,2026-06-30,2026-07-02
ORD-00406,2026-06-10,C0603,R01,Web,Delivered,,29,2026-06-15,2026-06-15
ORD-00407,2026-06-22,C0620,R02,Web,Delivered,,29,2026-06-25,2026-06-24
ORD-00408,2026-06-18,C0637,R03,App,Cancelled,FESTIVE20,0,,
ORD-00409,2026-06-22,C0654,R04,Web,Delivered,,49,2026-06-27,2026-06-27
ORD-00410,2026-06-22,C0671,R01,Web,Delivered,,29,2026-06-27,2026-06-25
ORD-00411,2026-06-02,C0688,R02,Web,Delivered,VALUE15,29,2026-06-08,2026-06-10
ORD-00412,2026-06-08,C0005,R03,Web,Delivered,,29,2026-06-12,2026-06-11
ORD-00413,2026-06-01,C0022,R04,Marketplace,Delivered,BLOOM10,49,2026-06-04,2026-06-05
ORD-00414,2026-06-23,C0039,R01,App,Delivered,,29,2026-06-26,2026-07-01
ORD-00415,2026-06-20,C0056,R02,Marketplace,Delivered,FESTIVE20,29,2026-06-26,2026-06-24
ORD-00416,2026-06-01,C0073,R03,Web,Delivered,,29,2026-06-07,2026-06-08
ORD-00417,2026-06-27,C0090,R04,Web,Delivered,,49,2026-07-02,2026-06-30
ORD-00418,2026-06-12,C0107,R01,App,Delivered,BLOOM10,29,2026-06-17,2026-06-14
ORD-00419,2026-06-27,C0124,R02,App,Delivered,WELCOME5,29,2026-06-30,2026-07-01
ORD-00420,2026-06-20,C0141,R03,Marketplace,Delivered,,29,2026-06-23,2026-06-27
ORD-00421,2026-06-14,C0158,R04,App,Delivered,,49,2026-06-20,2026-06-21
ORD-00422,2026-06-14,C0175,R01,Marketplace,Delivered,,29,2026-06-20,2026-06-18
ORD-00423,2026-06-02,C0192,R02,Marketplace,Delivered,FESTIVE20,29,2026-06-06,2026-06-09
ORD-00424,2026-06-06,C0209,R03,Marketplace,Delivered,VALUE15,29,2026-06-11,2026-06-12
ORD-00425,2026-06-11,C0226,R04,Marketplace,Delivered,WELCOME5,49,2026-06-15,2026-06-18
ORD-00426,2026-06-06,C0243,R01,App,Delivered,BLOOM10,29,2026-06-12,2026-06-14
ORD-00427,2026-06-04,C0260,R02,Web,Delivered,,29,2026-06-07,2026-06-07
ORD-00428,2026-06-05,C0277,R03,App,Delivered,,29,2026-06-08,2026-06-10
ORD-00429,2026-06-26,C0294,R04,Marketplace,Delivered,WELCOME5,49,2026-07-01,2026-06-30
ORD-00430,2026-06-22,C0311,R01,App,Delivered,,29,2026-06-25,2026-06-24
ORD-00431,2026-06-16,C0328,R02,Web,Delivered,,29,2026-06-20,2026-06-22
ORD-00432,2026-06-01,C0345,R03,Marketplace,Cancelled,VALUE15,0,,
ORD-00433,2026-06-27,C0362,R04,Web,Delivered,,49,2026-07-03,2026-06-30
ORD-00434,2026-06-22,C0379,R01,Marketplace,Delivered,,29,2026-06-25,2026-06-25
ORD-00435,2026-06-27,C0396,R02,Marketplace,Delivered,,29,2026-07-01,2026-07-01
ORD-00436,2026-06-06,C0413,R03,Web,Delivered,,29,2026-06-12,2026-06-10
ORD-00437,2026-06-16,C0430,R04,Marketplace,Delivered,VALUE15,49,2026-06-22,2026-06-24
ORD-00438,2026-06-05,C0447,R01,Web,Delivered,FESTIVE20,29,2026-06-10,2026-06-07
ORD-00439,2026-06-07,C0464,R02,Web,Delivered,,29,2026-06-13,2026-06-11
ORD-00440,2026-06-04,C0481,R03,Web,Delivered,,29,2026-06-07,2026-06-07
ORD-00441,2026-06-07,C0498,R04,Web,Delivered,,49,2026-06-12,2026-06-09
ORD-00442,2026-06-20,C0515,R01,Marketplace,Delivered,FESTIVE20,29,2026-06-26,2026-06-22
ORD-00443,2026-06-22,C0532,R02,App,Delivered,WELCOME5,29,2026-06-28,2026-06-30
ORD-00444,2026-06-23,C0549,R03,Marketplace,Delivered,FESTIVE20,29,2026-06-27,2026-06-26
ORD-00445,2026-06-24,C0566,R04,App,Delivered,,49,2026-06-28,2026-06-27
ORD-00446,2026-06-26,C0583,R01,Web,Delivered,VALUE15,29,2026-06-30,2026-07-04
ORD-00447,2026-06-21,C0600,R02,Marketplace,Delivered,FESTIVE20,29,2026-06-27,2026-06-26
ORD-00448,2026-06-04,C0617,R03,App,Delivered,VALUE15,29,2026-06-07,2026-06-09
ORD-00449,2026-06-08,C0634,R04,Marketplace,Delivered,,49,2026-06-13,2026-06-13
ORD-00450,2026-06-06,C0651,R01,Marketplace,Delivered,,29,2026-06-10,2026-06-10
ORD-00451,2026-06-24,C0668,R02,Marketplace,Delivered,,29,2026-06-30,2026-06-28
ORD-00452,2026-06-12,C0685,R03,App,Delivered,,29,2026-06-18,2026-06-18
ORD-00453,2026-06-17,C0002,R04,Marketplace,Delivered,FESTIVE20,49,2026-06-20,2026-06-23
ORD-00454,2026-06-17,C0019,R01,Web,Delivered,VALUE15,29,2026-06-21,2026-06-22
ORD-00455,2026-06-20,C0036,R02,Web,Delivered,BLOOM10,29,2026-06-23,2026-06-26
ORD-00456,2026-06-24,C0053,R03,App,Cancelled,,0,,
ORD-00457,2026-06-12,C0070,R04,Marketplace,Delivered,,49,2026-06-15,2026-06-16
ORD-00458,2026-06-06,C0087,R01,App,Delivered,WELCOME5,29,2026-06-12,2026-06-08
ORD-00459,2026-06-23,C0104,R02,App,Delivered,VALUE15,29,2026-06-27,2026-06-26
ORD-00460,2026-06-15,C0121,R03,Marketplace,Delivered,,29,2026-06-19,2026-06-21
ORD-00461,2026-06-20,C0138,R04,App,Delivered,,49,2026-06-25,2026-06-25
ORD-00462,2026-06-26,C0155,R01,Marketplace,Delivered,WELCOME5,29,2026-06-29,2026-06-28
ORD-00463,2026-06-08,C0172,R02,App,Delivered,WELCOME5,29,2026-06-13,2026-06-14
ORD-00464,2026-06-23,C0189,R03,Web,Delivered,,29,2026-06-29,2026-06-26
ORD-00465,2026-06-03,C0206,R04,Web,Delivered,BLOOM10,49,2026-06-08,2026-06-11
ORD-00466,2026-06-09,C0223,R01,Web,Delivered,VALUE15,29,2026-06-15,2026-06-11
ORD-00467,2026-06-18,C0240,R02,Web,Delivered,BLOOM10,29,2026-06-21,2026-06-23
ORD-00468,2026-06-19,C0257,R03,Web,Delivered,WELCOME5,29,2026-06-23,2026-06-23
ORD-00469,2026-06-22,C0274,R04,Marketplace,Delivered,FESTIVE20,49,2026-06-26,2026-06-28
ORD-00470,2026-06-27,C0291,R01,App,Delivered,,29,2026-07-01,2026-07-01
ORD-00471,2026-06-16,C0308,R02,Web,Delivered,BLOOM10,29,2026-06-21,2026-06-19
ORD-00472,2026-06-06,C0325,R03,App,Delivered,FESTIVE20,29,2026-06-11,2026-06-10
ORD-00473,2026-06-21,C0342,R04,Marketplace,Delivered,WELCOME5,49,2026-06-24,2026-06-28
ORD-00474,2026-06-04,C0359,R01,Marketplace,Delivered,,29,2026-06-10,2026-06-09
ORD-00475,2026-06-13,C0376,R02,Marketplace,Delivered,,29,2026-06-17,2026-06-19
ORD-00476,2026-06-09,C0393,R03,Web,Delivered,FESTIVE20,29,2026-06-15,2026-06-13
ORD-00477,2026-06-20,C0410,R04,Web,Delivered,,49,2026-06-24,2026-06-25
ORD-00478,2026-06-11,C0427,R01,App,Delivered,WELCOME5,29,2026-06-17,2026-06-16
ORD-00479,2026-06-16,C0444,R02,App,Delivered,WELCOME5,29,2026-06-21,2026-06-24
ORD-00480,2026-06-12,C0461,R03,Marketplace,Cancelled,,0,,
ORD-00481,2026-06-26,C0478,R04,App,Delivered,VALUE15,49,2026-06-29,2026-07-03
ORD-00482,2026-06-26,C0495,R01,Marketplace,Delivered,,29,2026-06-29,2026-07-02
ORD-00483,2026-06-05,C0512,R02,Web,Delivered,WELCOME5,29,2026-06-10,2026-06-12
ORD-00484,2026-06-09,C0529,R03,App,Delivered,BLOOM10,29,2026-06-13,2026-06-17
ORD-00485,2026-06-26,C0546,R04,Web,Delivered,,49,2026-07-02,2026-06-29
ORD-00486,2026-06-01,C0563,R01,App,Delivered,VALUE15,29,2026-06-05,2026-06-08
ORD-00487,2026-06-07,C0580,R02,Web,Delivered,,29,2026-06-10,2026-06-09
ORD-00488,2026-06-04,C0597,R03,Marketplace,Delivered,,29,2026-06-10,2026-06-09
ORD-00489,2026-06-22,C0614,R04,Web,Delivered,,49,2026-06-28,2026-06-24
ORD-00490,2026-06-02,C0631,R01,Marketplace,Delivered,,29,2026-06-05,2026-06-07
ORD-00491,2026-06-08,C0648,R02,App,Delivered,,29,2026-06-13,2026-06-10
ORD-00492,2026-06-10,C0665,R03,Web,Delivered,FESTIVE20,29,2026-06-14,2026-06-12
ORD-00493,2026-06-11,C0682,R04,Marketplace,Delivered,,49,2026-06-14,2026-06-17
ORD-00494,2026-06-02,C0699,R01,Web,Delivered,BLOOM10,29,2026-06-05,2026-06-06
ORD-00495,2026-06-23,C0016,R02,App,Delivered,BLOOM10,29,2026-06-28,2026-06-25
ORD-00496,2026-06-06,C0033,R03,Marketplace,Delivered,WELCOME5,29,2026-06-12,2026-06-14
ORD-00497,2026-06-19,C0050,R04,Web,Delivered,,49,2026-06-24,2026-06-26
ORD-00498,2026-06-17,C0067,R01,App,Delivered,FESTIVE20,29,2026-06-23,2026-06-23
ORD-00499,2026-06-21,C0084,R02,Web,Delivered,BLOOM10,29,2026-06-26,2026-06-28
ORD-00500,2026-06-22,C0101,R03,Marketplace,Delivered,BLOOM10,29,2026-06-27,2026-06-29
ORD-00501,2026-06-23,C0118,R04,Marketplace,Delivered,,49,2026-06-27,2026-06-30
ORD-00502,2026-06-18,C0135,R01,Web,Delivered,BLOOM10,29,2026-06-22,2026-06-23
ORD-00503,2026-06-06,C0152,R02,App,Delivered,VALUE15,29,2026-06-10,2026-06-08
ORD-00504,2026-06-08,C0169,R03,Marketplace,Cancelled,WELCOME5,0,,
ORD-00505,2026-06-21,C0186,R04,Marketplace,Delivered,,49,2026-06-27,2026-06-26
ORD-00506,2026-06-07,C0203,R01,Web,Delivered,,29,2026-06-10,2026-06-10
ORD-00507,2026-06-01,C0220,R02,Marketplace,Delivered,BLOOM10,29,2026-06-05,2026-06-07
ORD-00508,2026-06-02,C0237,R03,Marketplace,Delivered,,29,2026-06-08,2026-06-07
ORD-00509,2026-06-07,C0254,R04,Marketplace,Delivered,WELCOME5,49,2026-06-11,2026-06-10
ORD-00510,2026-06-23,C0271,R01,App,Delivered,,29,2026-06-26,2026-06-26
ORD-00511,2026-06-20,C0288,R02,Marketplace,Delivered,,29,2026-06-23,2026-06-27
ORD-00512,2026-06-26,C0305,R03,Marketplace,Delivered,FESTIVE20,29,2026-07-02,2026-07-03
ORD-00513,2026-06-20,C0322,R04,Web,Delivered,FESTIVE20,49,2026-06-23,2026-06-22
ORD-00514,2026-06-22,C0339,R01,App,Delivered,,29,2026-06-26,2026-06-28
ORD-00515,2026-06-27,C0356,R02,Web,Delivered,BLOOM10,29,2026-06-30,2026-07-03
ORD-00516,2026-06-16,C0373,R03,Marketplace,Delivered,,29,2026-06-22,2026-06-22
ORD-00517,2026-06-09,C0390,R04,Web,Delivered,VALUE15,49,2026-06-13,2026-06-12
ORD-00518,2026-06-15,C0407,R01,App,Delivered,BLOOM10,29,2026-06-18,2026-06-23
ORD-00519,2026-06-08,C0424,R02,Marketplace,Delivered,FESTIVE20,29,2026-06-13,2026-06-13
ORD-00520,2026-06-27,C0441,R03,Web,Delivered,FESTIVE20,29,2026-07-03,2026-07-04
ORD-00521,2026-06-07,C0458,R04,Marketplace,Delivered,,49,2026-06-10,2026-06-14
ORD-00522,2026-06-02,C0475,R01,Web,Delivered,FESTIVE20,29,2026-06-05,2026-06-08
ORD-00523,2026-06-05,C0492,R02,App,Delivered,FESTIVE20,29,2026-06-11,2026-06-13
ORD-00524,2026-06-08,C0509,R03,App,Delivered,BLOOM10,29,2026-06-13,2026-06-16
ORD-00525,2026-06-27,C0526,R04,App,Delivered,FESTIVE20,49,2026-07-02,2026-07-05
ORD-00526,2026-07-03,C0543,R02,Web,Delivered,,29,2026-07-08,2026-07-10
ORD-00527,2026-07-11,C0560,R03,Web,Delivered,VALUE15,29,2026-07-16,2026-07-13
ORD-00528,2026-07-27,C0577,R04,Web,Cancelled,WELCOME5,0,,
ORD-00529,2026-07-23,C0594,R01,Marketplace,Delivered,,29,2026-07-26,2026-07-27
ORD-00530,2026-07-05,C0611,R02,Web,Delivered,,29,2026-07-11,2026-07-07
ORD-00531,2026-07-12,C0628,R03,App,Delivered,FESTIVE20,29,2026-07-16,2026-07-15
ORD-00532,2026-07-09,C0645,R04,Web,Delivered,WELCOME5,49,2026-07-15,2026-07-13
ORD-00533,2026-07-11,C0662,R01,Marketplace,Delivered,VALUE15,29,2026-07-14,2026-07-19
ORD-00534,2026-07-26,C0679,R02,Web,Delivered,FESTIVE20,29,2026-07-31,2026-07-29
ORD-00535,2026-07-04,C0696,R03,Marketplace,Delivered,FESTIVE20,29,2026-07-10,2026-07-07
ORD-00536,2026-07-22,C0013,R04,Web,Delivered,FESTIVE20,49,2026-07-26,2026-07-25
ORD-00537,2026-07-25,C0030,R01,App,Delivered,,29,2026-07-31,2026-07-31
ORD-00538,2026-07-15,C0047,R02,App,Delivered,WELCOME5,29,2026-07-19,2026-07-23
ORD-00539,2026-07-06,C0064,R03,App,Delivered,BLOOM10,29,2026-07-11,2026-07-09
ORD-00540,2026-07-13,C0081,R04,Web,Delivered,FESTIVE20,49,2026-07-16,2026-07-20
ORD-00541,2026-07-01,C0098,R01,Web,Delivered,BLOOM10,29,2026-07-05,2026-07-08
ORD-00542,2026-07-09,C0115,R02,Web,Delivered,WELCOME5,29,2026-07-12,2026-07-12
ORD-00543,2026-07-19,C0132,R03,Web,Delivered,,29,2026-07-23,2026-07-23
ORD-00544,2026-07-14,C0149,R04,Marketplace,Delivered,BLOOM10,49,2026-07-18,2026-07-22
ORD-00545,2026-07-17,C0166,R01,Web,Delivered,WELCOME5,29,2026-07-20,2026-07-20
ORD-00546,2026-07-22,C0183,R02,Marketplace,Delivered,,29,2026-07-28,2026-07-29
ORD-00547,2026-07-10,C0200,R03,Marketplace,Delivered,,29,2026-07-16,2026-07-13
ORD-00548,2026-07-15,C0217,R04,Web,Delivered,WELCOME5,49,2026-07-20,2026-07-21
ORD-00549,2026-07-24,C0234,R01,App,Delivered,FESTIVE20,29,2026-07-28,2026-07-30
ORD-00550,2026-07-17,C0251,R02,App,Delivered,WELCOME5,29,2026-07-23,2026-07-24
ORD-00551,2026-07-26,C0268,R03,Marketplace,Delivered,,29,2026-07-31,2026-08-02
ORD-00552,2026-07-05,C0285,R04,Marketplace,Cancelled,FESTIVE20,0,,
ORD-00553,2026-07-07,C0302,R01,Marketplace,Delivered,BLOOM10,29,2026-07-10,2026-07-13
ORD-00554,2026-07-02,C0319,R02,App,Delivered,VALUE15,29,2026-07-07,2026-07-04
ORD-00555,2026-07-05,C0336,R03,Web,Delivered,BLOOM10,29,2026-07-11,2026-07-12
ORD-00556,2026-07-22,C0353,R04,App,Delivered,,49,2026-07-26,2026-07-29
ORD-00557,2026-07-24,C0370,R01,Web,Delivered,,29,2026-07-27,2026-07-27
ORD-00558,2026-07-23,C0387,R02,App,Delivered,,29,2026-07-27,2026-07-25
ORD-00559,2026-07-04,C0404,R03,Web,Delivered,WELCOME5,29,2026-07-10,2026-07-11
ORD-00560,2026-07-27,C0421,R04,App,Delivered,,49,2026-08-01,2026-07-31
ORD-00561,2026-07-22,C0438,R01,App,Delivered,,29,2026-07-25,2026-07-27
ORD-00562,2026-07-14,C0455,R02,Web,Delivered,FESTIVE20,29,2026-07-17,2026-07-21
ORD-00563,2026-07-04,C0472,R03,Marketplace,Delivered,BLOOM10,29,2026-07-07,2026-07-10
ORD-00564,2026-07-15,C0489,R04,Marketplace,Delivered,BLOOM10,49,2026-07-19,2026-07-18
ORD-00565,2026-07-06,C0506,R01,Marketplace,Delivered,,29,2026-07-10,2026-07-12
ORD-00566,2026-07-12,C0523,R02,Web,Delivered,BLOOM10,29,2026-07-17,2026-07-18
ORD-00567,2026-07-12,C0540,R03,App,Delivered,,29,2026-07-15,2026-07-20
ORD-00568,2026-07-10,C0557,R04,Marketplace,Delivered,VALUE15,49,2026-07-14,2026-07-18
ORD-00569,2026-07-10,C0574,R01,App,Delivered,,29,2026-07-16,2026-07-13
ORD-00570,2026-07-05,C0591,R02,App,Delivered,FESTIVE20,29,2026-07-11,2026-07-13
ORD-00571,2026-07-27,C0608,R03,App,Delivered,,29,2026-08-01,2026-07-30
ORD-00572,2026-07-08,C0625,R04,App,Delivered,BLOOM10,49,2026-07-13,2026-07-14
ORD-00573,2026-07-07,C0642,R01,Web,Delivered,,29,2026-07-12,2026-07-14
ORD-00574,2026-07-01,C0659,R02,Marketplace,Delivered,,29,2026-07-04,2026-07-07
ORD-00575,2026-07-18,C0676,R03,Web,Delivered,,29,2026-07-21,2026-07-23
ORD-00576,2026-07-06,C0693,R04,App,Cancelled,VALUE15,0,,
ORD-00577,2026-07-02,C0010,R01,App,Delivered,,29,2026-07-06,2026-07-09
ORD-00578,2026-07-17,C0027,R02,Web,Delivered,,29,2026-07-20,2026-07-25
ORD-00579,2026-07-05,C0044,R03,App,Delivered,FESTIVE20,29,2026-07-11,2026-07-13
ORD-00580,2026-07-08,C0061,R04,Marketplace,Delivered,VALUE15,49,2026-07-11,2026-07-11
ORD-00581,2026-07-13,C0078,R01,Web,Delivered,VALUE15,29,2026-07-17,2026-07-15
ORD-00582,2026-07-26,C0095,R02,Web,Delivered,,29,2026-07-30,2026-08-01
ORD-00583,2026-07-13,C0112,R03,App,Delivered,,29,2026-07-18,2026-07-20
ORD-00584,2026-07-08,C0129,R04,App,Delivered,BLOOM10,49,2026-07-11,2026-07-13
ORD-00585,2026-07-18,C0146,R01,Marketplace,Delivered,,29,2026-07-24,2026-07-21
ORD-00586,2026-07-23,C0163,R02,Web,Delivered,,29,2026-07-27,2026-07-25
ORD-00587,2026-07-14,C0180,R03,Marketplace,Delivered,,29,2026-07-19,2026-07-22
ORD-00588,2026-07-19,C0197,R04,Marketplace,Delivered,BLOOM10,49,2026-07-24,2026-07-26
ORD-00589,2026-07-16,C0214,R01,App,Delivered,VALUE15,29,2026-07-22,2026-07-19
ORD-00590,2026-07-09,C0231,R02,Web,Delivered,BLOOM10,29,2026-07-14,2026-07-17
ORD-00591,2026-07-12,C0248,R03,App,Delivered,,29,2026-07-18,2026-07-17
ORD-00592,2026-07-24,C0265,R04,App,Delivered,VALUE15,49,2026-07-28,2026-07-26
ORD-00593,2026-07-24,C0282,R01,Web,Delivered,,29,2026-07-30,2026-07-29
ORD-00594,2026-07-21,C0299,R02,App,Delivered,,29,2026-07-27,2026-07-23
ORD-00595,2026-07-05,C0316,R03,Web,Delivered,BLOOM10,29,2026-07-11,2026-07-13
ORD-00596,2026-07-05,C0333,R04,App,Delivered,WELCOME5,49,2026-07-11,2026-07-08
ORD-00597,2026-07-12,C0350,R01,App,Delivered,VALUE15,29,2026-07-16,2026-07-20
ORD-00598,2026-07-10,C0367,R02,Web,Delivered,FESTIVE20,29,2026-07-16,2026-07-12
ORD-00599,2026-07-15,C0384,R03,Web,Delivered,,29,2026-07-18,2026-07-21
ORD-00600,2026-07-17,C0401,R04,Web,Cancelled,,0,,
ORD-00601,2026-07-21,C0418,R01,Web,Delivered,,29,2026-07-26,2026-07-25
ORD-00602,2026-07-20,C0435,R02,App,Delivered,WELCOME5,29,2026-07-25,2026-07-26
ORD-00603,2026-07-07,C0452,R03,App,Delivered,WELCOME5,29,2026-07-11,2026-07-09
ORD-00604,2026-07-01,C0469,R04,Marketplace,Delivered,WELCOME5,49,2026-07-06,2026-07-05
ORD-00605,2026-07-12,C0486,R01,App,Delivered,,29,2026-07-18,2026-07-17
ORD-00606,2026-07-11,C0503,R02,App,Delivered,VALUE15,29,2026-07-17,2026-07-13
ORD-00607,2026-07-02,C0520,R03,App,Delivered,,29,2026-07-06,2026-07-04
ORD-00608,2026-07-24,C0537,R04,Web,Delivered,BLOOM10,49,2026-07-29,2026-07-28
ORD-00609,2026-07-08,C0554,R01,Marketplace,Delivered,VALUE15,29,2026-07-13,2026-07-15
ORD-00610,2026-07-24,C0571,R02,Web,Delivered,FESTIVE20,29,2026-07-29,2026-07-31
ORD-00611,2026-07-08,C0588,R03,App,Delivered,,29,2026-07-14,2026-07-13
ORD-00612,2026-07-05,C0605,R04,App,Delivered,,49,2026-07-09,2026-07-07
ORD-00613,2026-07-27,C0622,R01,App,Delivered,FESTIVE20,29,2026-07-30,2026-08-01
ORD-00614,2026-07-17,C0639,R02,App,Delivered,,29,2026-07-22,2026-07-20
ORD-00615,2026-07-21,C0656,R03,Marketplace,Delivered,,29,2026-07-25,2026-07-23
ORD-00616,2026-07-15,C0673,R04,Marketplace,Delivered,WELCOME5,49,2026-07-18,2026-07-18
ORD-00617,2026-07-13,C0690,R01,App,Delivered,WELCOME5,29,2026-07-18,2026-07-19
ORD-00618,2026-07-08,C0007,R02,Marketplace,Delivered,BLOOM10,29,2026-07-12,2026-07-16
ORD-00619,2026-07-02,C0024,R03,Web,Delivered,,29,2026-07-05,2026-07-10
ORD-00620,2026-07-13,C0041,R04,Web,Delivered,,49,2026-07-16,2026-07-19
ORD-00621,2026-07-05,C0058,R01,Web,Delivered,,29,2026-07-09,2026-07-08
ORD-00622,2026-07-04,C0075,R02,Web,Delivered,,29,2026-07-10,2026-07-06
ORD-00623,2026-07-11,C0092,R03,App,Delivered,FESTIVE20,29,2026-07-15,2026-07-19
ORD-00624,2026-07-26,C0109,R04,App,Cancelled,,0,,
ORD-00625,2026-07-07,C0126,R01,Marketplace,Delivered,,29,2026-07-10,2026-07-10
ORD-00626,2026-07-20,C0143,R02,Marketplace,Delivered,,29,2026-07-24,2026-07-27
ORD-00627,2026-07-12,C0160,R03,App,Delivered,,29,2026-07-16,2026-07-19
ORD-00628,2026-07-27,C0177,R04,App,Delivered,,49,2026-07-31,2026-07-31
ORD-00629,2026-07-16,C0194,R01,Web,Delivered,BLOOM10,29,2026-07-21,2026-07-20
ORD-00630,2026-07-10,C0211,R02,Marketplace,Delivered,,29,2026-07-13,2026-07-16
ORD-00631,2026-07-05,C0228,R03,Web,Delivered,FESTIVE20,29,2026-07-11,2026-07-08
ORD-00632,2026-07-19,C0245,R04,Marketplace,Delivered,,49,2026-07-22,2026-07-23
ORD-00633,2026-07-07,C0262,R01,App,Delivered,WELCOME5,29,2026-07-10,2026-07-12
ORD-00634,2026-07-18,C0279,R02,Web,Delivered,,29,2026-07-21,2026-07-23
ORD-00635,2026-07-03,C0296,R03,Web,Delivered,,29,2026-07-08,2026-07-05
ORD-00636,2026-07-16,C0313,R04,Web,Delivered,BLOOM10,49,2026-07-20,2026-07-22
ORD-00637,2026-07-20,C0330,R01,App,Delivered,,29,2026-07-26,2026-07-25
ORD-00638,2026-07-05,C0347,R02,Marketplace,Delivered,,29,2026-07-08,2026-07-08
ORD-00639,2026-07-09,C0364,R03,Marketplace,Delivered,,29,2026-07-14,2026-07-11
ORD-00640,2026-07-26,C0381,R04,App,Delivered,WELCOME5,49,2026-08-01,2026-08-02
ORD-00641,2026-07-19,C0398,R01,App,Delivered,VALUE15,29,2026-07-22,2026-07-21
ORD-00642,2026-07-08,C0415,R02,App,Delivered,VALUE15,29,2026-07-12,2026-07-11
ORD-00643,2026-07-05,C0432,R03,App,Delivered,,29,2026-07-11,2026-07-12
ORD-00644,2026-07-05,C0449,R04,Marketplace,Delivered,FESTIVE20,49,2026-07-11,2026-07-07
ORD-00645,2026-07-23,C0466,R01,Web,Delivered,BLOOM10,29,2026-07-28,2026-07-26
ORD-00646,2026-07-22,C0483,R02,Marketplace,Delivered,VALUE15,29,2026-07-26,2026-07-26
ORD-00647,2026-07-01,C0500,R03,Marketplace,Delivered,FESTIVE20,29,2026-07-06,2026-07-06
ORD-00648,2026-07-25,C0517,R04,Marketplace,Cancelled,FESTIVE20,0,,
ORD-00649,2026-07-01,C0534,R01,Web,Delivered,FESTIVE20,29,2026-07-05,2026-07-09
ORD-00650,2026-07-10,C0551,R02,Web,Delivered,VALUE15,29,2026-07-14,2026-07-17
ORD-00651,2026-07-10,C0568,R03,Marketplace,Delivered,,29,2026-07-15,2026-07-13
ORD-00652,2026-07-23,C0585,R04,Web,Delivered,,49,2026-07-27,2026-07-29
ORD-00653,2026-07-05,C0602,R01,Marketplace,Delivered,FESTIVE20,29,2026-07-09,2026-07-11
ORD-00654,2026-07-09,C0619,R02,Web,Delivered,BLOOM10,29,2026-07-14,2026-07-16
ORD-00655,2026-07-16,C0636,R03,Web,Delivered,,29,2026-07-19,2026-07-24
ORD-00656,2026-07-14,C0653,R04,Web,Delivered,VALUE15,49,2026-07-20,2026-07-21
ORD-00657,2026-07-05,C0670,R01,Web,Delivered,VALUE15,29,2026-07-08,2026-07-07
ORD-00658,2026-07-21,C0687,R02,Web,Delivered,BLOOM10,29,2026-07-27,2026-07-26
ORD-00659,2026-07-04,C0004,R03,Web,Delivered,,29,2026-07-07,2026-07-08
ORD-00660,2026-07-22,C0021,R04,Marketplace,Delivered,FESTIVE20,49,2026-07-25,2026-07-26
ORD-00661,2026-07-03,C0038,R01,App,Delivered,,29,2026-07-06,2026-07-11
ORD-00662,2026-07-19,C0055,R02,Web,Delivered,FESTIVE20,29,2026-07-23,2026-07-26
ORD-00663,2026-07-16,C0072,R03,Web,Delivered,,29,2026-07-20,2026-07-22
ORD-00664,2026-07-04,C0089,R04,Web,Delivered,FESTIVE20,49,2026-07-10,2026-07-07
ORD-00665,2026-07-04,C0106,R01,Web,Delivered,WELCOME5,29,2026-07-08,2026-07-09
ORD-00666,2026-07-04,C0123,R02,App,Delivered,BLOOM10,29,2026-07-08,2026-07-08
ORD-00667,2026-07-16,C0140,R03,Marketplace,Delivered,,29,2026-07-20,2026-07-24
ORD-00668,2026-07-22,C0157,R04,Web,Delivered,BLOOM10,49,2026-07-28,2026-07-24
ORD-00669,2026-07-06,C0174,R01,App,Delivered,FESTIVE20,29,2026-07-12,2026-07-14
ORD-00670,2026-07-08,C0191,R02,Marketplace,Delivered,WELCOME5,29,2026-07-13,2026-07-14
ORD-00671,2026-07-03,C0208,R03,Web,Delivered,FESTIVE20,29,2026-07-06,2026-07-09
ORD-00672,2026-07-08,C0225,R04,Web,Cancelled,BLOOM10,0,,
ORD-00673,2026-07-13,C0242,R01,Web,Delivered,WELCOME5,29,2026-07-16,2026-07-18
ORD-00674,2026-07-22,C0259,R02,Marketplace,Delivered,,29,2026-07-28,2026-07-28
ORD-00675,2026-07-03,C0276,R03,App,Delivered,VALUE15,29,2026-07-07,2026-07-11
ORD-00676,2026-07-10,C0293,R04,App,Delivered,,49,2026-07-14,2026-07-18
ORD-00677,2026-07-06,C0310,R01,Web,Delivered,,29,2026-07-12,2026-07-09
ORD-00678,2026-07-27,C0327,R02,Web,Delivered,,29,2026-08-02,2026-08-01
ORD-00679,2026-07-17,C0344,R03,Marketplace,Delivered,VALUE15,29,2026-07-20,2026-07-22
ORD-00680,2026-07-18,C0361,R04,Marketplace,Delivered,BLOOM10,49,2026-07-23,2026-07-21
ORD-00681,2026-07-27,C0378,R01,Web,Delivered,BLOOM10,29,2026-07-30,2026-07-31
ORD-00682,2026-07-06,C0395,R02,App,Delivered,VALUE15,29,2026-07-10,2026-07-13
ORD-00683,2026-07-06,C0412,R03,App,Delivered,VALUE15,29,2026-07-11,2026-07-08
ORD-00684,2026-07-10,C0429,R04,App,Delivered,,49,2026-07-15,2026-07-15
ORD-00685,2026-07-04,C0446,R01,App,Delivered,BLOOM10,29,2026-07-09,2026-07-07
ORD-00686,2026-07-16,C0463,R02,App,Delivered,,29,2026-07-20,2026-07-19
ORD-00687,2026-07-03,C0480,R03,Marketplace,Delivered,,29,2026-07-09,2026-07-11
ORD-00688,2026-07-25,C0497,R04,Web,Delivered,FESTIVE20,49,2026-07-29,2026-07-29
ORD-00689,2026-07-05,C0514,R01,Web,Delivered,,29,2026-07-09,2026-07-10
ORD-00690,2026-07-18,C0531,R02,Web,Delivered,FESTIVE20,29,2026-07-21,2026-07-20
ORD-00691,2026-07-27,C0548,R03,Web,Delivered,WELCOME5,29,2026-08-02,2026-07-30
ORD-00692,2026-07-22,C0565,R04,App,Delivered,BLOOM10,49,2026-07-25,2026-07-30
ORD-00693,2026-07-23,C0582,R01,Marketplace,Delivered,FESTIVE20,29,2026-07-27,2026-07-31
ORD-00694,2026-07-17,C0599,R02,Marketplace,Delivered,,29,2026-07-20,2026-07-20
ORD-00695,2026-07-15,C0616,R03,Marketplace,Delivered,VALUE15,29,2026-07-21,2026-07-17
ORD-00696,2026-07-12,C0633,R04,Web,Cancelled,FESTIVE20,0,,
ORD-00697,2026-07-22,C0650,R01,App,Delivered,,29,2026-07-27,2026-07-29
ORD-00698,2026-07-09,C0667,R02,Web,Delivered,BLOOM10,29,2026-07-15,2026-07-15
ORD-00699,2026-07-25,C0684,R03,Marketplace,Delivered,FESTIVE20,29,2026-07-31,2026-07-30
ORD-00700,2026-07-07,C0001,R04,Marketplace,Delivered,,49,2026-07-13,2026-07-11
ORD-00701,2026-07-15,C0018,R01,Marketplace,Delivered,VALUE15,29,2026-07-18,2026-07-17
ORD-00702,2026-07-04,C0035,R02,App,Delivered,VALUE15,29,2026-07-10,2026-07-10
ORD-00703,2026-07-27,C0052,R03,Web,Delivered,FESTIVE20,29,2026-08-02,2026-07-30
ORD-00704,2026-07-14,C0069,R04,Marketplace,Delivered,FESTIVE20,49,2026-07-17,2026-07-17
ORD-00705,2026-07-02,C0086,R01,Web,Delivered,WELCOME5,29,2026-07-06,2026-07-06
ORD-00706,2026-07-23,C0103,R02,Web,Delivered,BLOOM10,29,2026-07-26,2026-07-29
ORD-00707,2026-07-27,C0120,R03,Marketplace,Delivered,VALUE15,29,2026-07-31,2026-07-30
ORD-00708,2026-07-24,C0137,R04,Marketplace,Delivered,,49,2026-07-28,2026-07-29
ORD-00709,2026-07-07,C0154,R01,App,Delivered,,29,2026-07-13,2026-07-10
ORD-00710,2026-07-07,C0171,R02,Marketplace,Delivered,,29,2026-07-11,2026-07-10
ORD-00711,2026-07-16,C0188,R03,App,Delivered,,29,2026-07-22,2026-07-19
ORD-00712,2026-07-02,C0205,R04,App,Delivered,FESTIVE20,49,2026-07-05,2026-07-04
ORD-00713,2026-07-02,C0222,R01,App,Delivered,WELCOME5,29,2026-07-06,2026-07-05
ORD-00714,2026-07-05,C0239,R02,Web,Delivered,VALUE15,29,2026-07-10,2026-07-08
ORD-00715,2026-07-23,C0256,R03,Web,Delivered,VALUE15,29,2026-07-27,2026-07-29
ORD-00716,2026-07-04,C0273,R04,Web,Delivered,,49,2026-07-08,2026-07-06
ORD-00717,2026-07-15,C0290,R01,App,Delivered,,29,2026-07-20,2026-07-21
ORD-00718,2026-07-12,C0307,R02,Web,Delivered,VALUE15,29,2026-07-17,2026-07-19
ORD-00719,2026-07-01,C0324,R03,Web,Delivered,,29,2026-07-06,2026-07-09
ORD-00720,2026-07-18,C0341,R04,Web,Cancelled,BLOOM10,0,,
ORD-00721,2026-07-04,C0358,R01,Marketplace,Delivered,BLOOM10,29,2026-07-08,2026-07-08
ORD-00722,2026-07-15,C0375,R02,Web,Delivered,,29,2026-07-19,2026-07-23
ORD-00723,2026-07-16,C0392,R03,App,Delivered,,29,2026-07-20,2026-07-20
ORD-00724,2026-07-20,C0409,R04,Marketplace,Delivered,,49,2026-07-26,2026-07-23
ORD-00725,2026-07-01,C0426,R01,App,Delivered,VALUE15,29,2026-07-04,2026-07-07
ORD-00726,2026-07-24,C0443,R02,Web,Delivered,FESTIVE20,29,2026-07-29,2026-07-27
ORD-00727,2026-07-11,C0460,R03,Marketplace,Delivered,,29,2026-07-14,2026-07-15
ORD-00728,2026-07-13,C0477,R04,App,Delivered,,49,2026-07-16,2026-07-21
ORD-00729,2026-07-26,C0494,R01,Web,Delivered,WELCOME5,29,2026-07-31,2026-07-28
ORD-00730,2026-07-22,C0511,R02,Marketplace,Delivered,VALUE15,29,2026-07-27,2026-07-29
ORD-00731,2026-08-07,C0528,R04,Marketplace,Delivered,FESTIVE20,49,2026-08-11,2026-08-09
ORD-00732,2026-08-10,C0545,R01,Marketplace,Delivered,VALUE15,29,2026-08-15,2026-08-15
ORD-00733,2026-08-17,C0562,R02,Marketplace,Delivered,FESTIVE20,29,2026-08-22,2026-08-24
ORD-00734,2026-08-04,C0579,R03,Marketplace,Delivered,,29,2026-08-09,2026-08-08
ORD-00735,2026-08-01,C0596,R04,App,Delivered,,49,2026-08-06,2026-08-03
ORD-00736,2026-08-26,C0613,R01,Marketplace,Delivered,,29,2026-08-30,2026-08-30
ORD-00737,2026-08-24,C0630,R02,App,Delivered,WELCOME5,29,2026-08-30,2026-08-31
ORD-00738,2026-08-16,C0647,R03,Web,Delivered,VALUE15,29,2026-08-19,2026-08-18
ORD-00739,2026-08-23,C0664,R04,App,Delivered,,49,2026-08-26,2026-08-29
ORD-00740,2026-08-25,C0681,R01,Web,Delivered,,29,2026-08-30,2026-09-02
ORD-00741,2026-08-24,C0698,R02,Marketplace,Delivered,,29,2026-08-27,2026-08-28
ORD-00742,2026-08-16,C0015,R03,App,Delivered,BLOOM10,29,2026-08-20,2026-08-18
ORD-00743,2026-08-03,C0032,R04,Web,Delivered,WELCOME5,49,2026-08-09,2026-08-10
ORD-00744,2026-08-10,C0049,R01,Marketplace,Cancelled,,0,,
ORD-00745,2026-08-07,C0066,R02,Web,Delivered,VALUE15,29,2026-08-10,2026-08-11
ORD-00746,2026-08-02,C0083,R03,Web,Delivered,BLOOM10,29,2026-08-07,2026-08-10
ORD-00747,2026-08-10,C0100,R04,Web,Delivered,,49,2026-08-15,2026-08-16
ORD-00748,2026-08-26,C0117,R01,Web,Delivered,WELCOME5,29,2026-08-29,2026-09-01
ORD-00749,2026-08-08,C0134,R02,App,Delivered,VALUE15,29,2026-08-13,2026-08-15
ORD-00750,2026-08-07,C0151,R03,App,Delivered,WELCOME5,29,2026-08-11,2026-08-10
ORD-00751,2026-08-12,C0168,R04,Marketplace,Delivered,,49,2026-08-17,2026-08-17
ORD-00752,2026-08-16,C0185,R01,Marketplace,Delivered,BLOOM10,29,2026-08-22,2026-08-21
ORD-00753,2026-08-22,C0202,R02,Marketplace,Delivered,FESTIVE20,29,2026-08-27,2026-08-24
ORD-00754,2026-08-17,C0219,R03,App,Delivered,VALUE15,29,2026-08-20,2026-08-22
ORD-00755,2026-08-04,C0236,R04,Web,Delivered,FESTIVE20,49,2026-08-10,2026-08-06
ORD-00756,2026-08-25,C0253,R01,App,Delivered,,29,2026-08-28,2026-09-02
ORD-00757,2026-08-16,C0270,R02,App,Delivered,,29,2026-08-21,2026-08-18
ORD-00758,2026-08-27,C0287,R03,Marketplace,Delivered,VALUE15,29,2026-08-31,2026-08-29
ORD-00759,2026-08-05,C0304,R04,Web,Delivered,,49,2026-08-08,2026-08-12
ORD-00760,2026-08-25,C0321,R01,Marketplace,Delivered,VALUE15,29,2026-08-31,2026-08-29
ORD-00761,2026-08-17,C0338,R02,Web,Delivered,WELCOME5,29,2026-08-21,2026-08-23
ORD-00762,2026-08-05,C0355,R03,Marketplace,Delivered,VALUE15,29,2026-08-08,2026-08-07
ORD-00763,2026-08-07,C0372,R04,App,Delivered,,49,2026-08-11,2026-08-12
ORD-00764,2026-08-22,C0389,R01,Marketplace,Delivered,VALUE15,29,2026-08-25,2026-08-30
ORD-00765,2026-08-08,C0406,R02,App,Delivered,,29,2026-08-11,2026-08-13
ORD-00766,2026-08-11,C0423,R03,Marketplace,Delivered,VALUE15,29,2026-08-16,2026-08-17
ORD-00767,2026-08-24,C0440,R04,App,Delivered,,49,2026-08-28,2026-09-01
ORD-00768,2026-08-24,C0457,R01,Marketplace,Cancelled,WELCOME5,0,,
ORD-00769,2026-08-10,C0474,R02,Web,Delivered,BLOOM10,29,2026-08-14,2026-08-16
ORD-00770,2026-08-05,C0491,R03,App,Delivered,,29,2026-08-08,2026-08-07
ORD-00771,2026-08-14,C0508,R04,Web,Delivered,VALUE15,49,2026-08-18,2026-08-19
ORD-00772,2026-08-09,C0525,R01,Marketplace,Delivered,,29,2026-08-15,2026-08-13
ORD-00773,2026-08-03,C0542,R02,Marketplace,Delivered,FESTIVE20,29,2026-08-07,2026-08-05
ORD-00774,2026-08-02,C0559,R03,Web,Delivered,BLOOM10,29,2026-08-06,2026-08-10
ORD-00775,2026-08-08,C0576,R04,Marketplace,Delivered,BLOOM10,49,2026-08-11,2026-08-15
ORD-00776,2026-08-19,C0593,R01,App,Delivered,BLOOM10,29,2026-08-23,2026-08-22
ORD-00777,2026-08-07,C0610,R02,Web,Delivered,WELCOME5,29,2026-08-12,2026-08-11
ORD-00778,2026-08-11,C0627,R03,App,Delivered,FESTIVE20,29,2026-08-14,2026-08-15
ORD-00779,2026-08-15,C0644,R04,App,Delivered,,49,2026-08-18,2026-08-18
ORD-00780,2026-08-01,C0661,R01,Marketplace,Delivered,FESTIVE20,29,2026-08-04,2026-08-09
ORD-00781,2026-08-06,C0678,R02,Marketplace,Delivered,FESTIVE20,29,2026-08-10,2026-08-09
ORD-00782,2026-08-21,C0695,R03,App,Delivered,WELCOME5,29,2026-08-24,2026-08-27
ORD-00783,2026-08-11,C0012,R04,Marketplace,Delivered,,49,2026-08-17,2026-08-17
ORD-00784,2026-08-08,C0029,R01,Marketplace,Delivered,,29,2026-08-12,2026-08-16
ORD-00785,2026-08-26,C0046,R02,App,Delivered,VALUE15,29,2026-08-31,2026-08-29
ORD-00786,2026-08-07,C0063,R03,Marketplace,Delivered,VALUE15,29,2026-08-12,2026-08-15
ORD-00787,2026-08-12,C0080,R04,Web,Delivered,WELCOME5,49,2026-08-18,2026-08-17
ORD-00788,2026-08-20,C0097,R01,App,Delivered,WELCOME5,29,2026-08-25,2026-08-28
ORD-00789,2026-08-24,C0114,R02,Web,Delivered,,29,2026-08-29,2026-08-31
ORD-00790,2026-08-05,C0131,R03,Marketplace,Delivered,,29,2026-08-11,2026-08-11
ORD-00791,2026-08-03,C0148,R04,App,Delivered,,49,2026-08-08,2026-08-11
ORD-00792,2026-08-05,C0165,R01,Web,Cancelled,VALUE15,0,,
ORD-00793,2026-08-13,C0182,R02,Marketplace,Delivered,,29,2026-08-17,2026-08-20
ORD-00794,2026-08-08,C0199,R03,Web,Delivered,WELCOME5,29,2026-08-12,2026-08-10
ORD-00795,2026-08-05,C0216,R04,App,Delivered,VALUE15,49,2026-08-10,2026-08-08
ORD-00796,2026-08-14,C0233,R01,Web,Delivered,,29,2026-08-19,2026-08-22
ORD-00797,2026-08-15,C0250,R02,Web,Delivered,FESTIVE20,29,2026-08-18,2026-08-20
ORD-00798,2026-08-22,C0267,R03,Web,Delivered,BLOOM10,29,2026-08-28,2026-08-28
ORD-00799,2026-08-03,C0284,R04,App,Delivered,WELCOME5,49,2026-08-08,2026-08-08
ORD-00800,2026-08-02,C0301,R01,App,Delivered,BLOOM10,29,2026-08-06,2026-08-10
ORD-00801,2026-08-27,C0318,R02,App,Delivered,,29,2026-09-01,2026-09-02
ORD-00802,2026-08-26,C0335,R03,App,Delivered,WELCOME5,29,2026-08-29,2026-08-29
ORD-00803,2026-08-24,C0352,R04,App,Delivered,,49,2026-08-29,2026-08-31
ORD-00804,2026-08-04,C0369,R01,Web,Delivered,,29,2026-08-09,2026-08-11
ORD-00805,2026-08-06,C0386,R02,Web,Delivered,,29,2026-08-12,2026-08-14
ORD-00806,2026-08-03,C0403,R03,App,Delivered,,29,2026-08-08,2026-08-09
ORD-00807,2026-08-17,C0420,R04,Marketplace,Delivered,VALUE15,49,2026-08-21,2026-08-20
ORD-00808,2026-08-07,C0437,R01,Web,Delivered,,29,2026-08-10,2026-08-12
ORD-00809,2026-08-17,C0454,R02,App,Delivered,WELCOME5,29,2026-08-23,2026-08-21
ORD-00810,2026-08-04,C0471,R03,App,Delivered,VALUE15,29,2026-08-08,2026-08-08
ORD-00811,2026-08-06,C0488,R04,App,Delivered,FESTIVE20,49,2026-08-12,2026-08-08
ORD-00812,2026-08-06,C0505,R01,Marketplace,Delivered,FESTIVE20,29,2026-08-11,2026-08-11
ORD-00813,2026-08-10,C0522,R02,Marketplace,Delivered,,29,2026-08-16,2026-08-17
ORD-00814,2026-08-01,C0539,R03,Web,Delivered,VALUE15,29,2026-08-04,2026-08-04
ORD-00815,2026-08-20,C0556,R04,App,Delivered,VALUE15,49,2026-08-26,2026-08-25
ORD-00816,2026-08-17,C0573,R01,App,Cancelled,,0,,
ORD-00817,2026-08-25,C0590,R02,Web,Delivered,VALUE15,29,2026-08-28,2026-08-27
ORD-00818,2026-08-18,C0607,R03,App,Delivered,FESTIVE20,29,2026-08-22,2026-08-21
ORD-00819,2026-08-11,C0624,R04,App,Delivered,BLOOM10,49,2026-08-16,2026-08-14
ORD-00820,2026-08-14,C0641,R01,Marketplace,Delivered,,29,2026-08-18,2026-08-20
ORD-00821,2026-08-25,C0658,R02,Web,Delivered,VALUE15,29,2026-08-30,2026-09-02
ORD-00822,2026-08-18,C0675,R03,Web,Delivered,,29,2026-08-24,2026-08-21
ORD-00823,2026-08-24,C0692,R04,Marketplace,Delivered,WELCOME5,49,2026-08-27,2026-08-26
ORD-00824,2026-08-19,C0009,R01,App,Delivered,VALUE15,29,2026-08-24,2026-08-26
ORD-00825,2026-08-24,C0026,R02,App,Delivered,,29,2026-08-29,2026-08-28
ORD-00826,2026-08-13,C0043,R03,App,Delivered,VALUE15,29,2026-08-16,2026-08-19
ORD-00827,2026-08-13,C0060,R04,Marketplace,Delivered,WELCOME5,49,2026-08-16,2026-08-15
ORD-00828,2026-08-04,C0077,R01,Marketplace,Delivered,WELCOME5,29,2026-08-09,2026-08-10
ORD-00829,2026-08-12,C0094,R02,Marketplace,Delivered,WELCOME5,29,2026-08-15,2026-08-17
ORD-00830,2026-08-13,C0111,R03,Web,Delivered,WELCOME5,29,2026-08-16,2026-08-21
ORD-00831,2026-08-24,C0128,R04,Marketplace,Delivered,,49,2026-08-27,2026-08-28
ORD-00832,2026-08-11,C0145,R01,App,Delivered,WELCOME5,29,2026-08-15,2026-08-16
ORD-00833,2026-08-27,C0162,R02,App,Delivered,WELCOME5,29,2026-08-30,2026-08-31
ORD-00834,2026-08-21,C0179,R03,Web,Delivered,FESTIVE20,29,2026-08-24,2026-08-28
ORD-00835,2026-08-17,C0196,R04,App,Delivered,,49,2026-08-23,2026-08-20
ORD-00836,2026-08-09,C0213,R01,App,Delivered,,29,2026-08-15,2026-08-12
ORD-00837,2026-08-20,C0230,R02,Marketplace,Delivered,,29,2026-08-24,2026-08-27
ORD-00838,2026-08-24,C0247,R03,Web,Delivered,,29,2026-08-27,2026-08-27
ORD-00839,2026-08-23,C0264,R04,Marketplace,Delivered,FESTIVE20,49,2026-08-26,2026-08-31
ORD-00840,2026-08-17,C0281,R01,Marketplace,Cancelled,BLOOM10,0,,
ORD-00841,2026-08-10,C0298,R02,App,Delivered,,29,2026-08-16,2026-08-18
ORD-00842,2026-08-25,C0315,R03,Marketplace,Delivered,,29,2026-08-28,2026-08-30
ORD-00843,2026-08-14,C0332,R04,Web,Delivered,BLOOM10,49,2026-08-17,2026-08-22
ORD-00844,2026-08-05,C0349,R01,App,Delivered,FESTIVE20,29,2026-08-09,2026-08-13
ORD-00845,2026-08-05,C0366,R02,Marketplace,Delivered,,29,2026-08-08,2026-08-11
ORD-00846,2026-08-02,C0383,R03,Marketplace,Delivered,,29,2026-08-07,2026-08-09
ORD-00847,2026-08-09,C0400,R04,App,Delivered,FESTIVE20,49,2026-08-15,2026-08-12
ORD-00848,2026-08-03,C0417,R01,App,Delivered,WELCOME5,29,2026-08-06,2026-08-10
ORD-00849,2026-08-19,C0434,R02,App,Delivered,WELCOME5,29,2026-08-22,2026-08-24
ORD-00850,2026-08-11,C0451,R03,App,Delivered,FESTIVE20,29,2026-08-16,2026-08-16
ORD-00851,2026-08-24,C0468,R04,Web,Delivered,VALUE15,49,2026-08-27,2026-09-01
ORD-00852,2026-08-07,C0485,R01,Web,Delivered,WELCOME5,29,2026-08-12,2026-08-11
ORD-00853,2026-08-03,C0502,R02,Web,Delivered,,29,2026-08-09,2026-08-05
ORD-00854,2026-08-23,C0519,R03,App,Delivered,,29,2026-08-28,2026-08-27
ORD-00855,2026-08-21,C0536,R04,Web,Delivered,VALUE15,49,2026-08-26,2026-08-29
ORD-00856,2026-08-16,C0553,R01,Marketplace,Delivered,VALUE15,29,2026-08-20,2026-08-19
ORD-00857,2026-08-11,C0570,R02,App,Delivered,FESTIVE20,29,2026-08-16,2026-08-13
ORD-00858,2026-08-26,C0587,R03,Marketplace,Delivered,VALUE15,29,2026-09-01,2026-08-30
ORD-00859,2026-08-27,C0604,R04,Web,Delivered,VALUE15,49,2026-09-01,2026-08-30
ORD-00860,2026-08-19,C0621,R01,App,Delivered,,29,2026-08-24,2026-08-22
ORD-00861,2026-08-18,C0638,R02,Web,Delivered,FESTIVE20,29,2026-08-24,2026-08-22
ORD-00862,2026-08-06,C0655,R03,App,Delivered,BLOOM10,29,2026-08-09,2026-08-08
ORD-00863,2026-08-20,C0672,R04,Marketplace,Delivered,,49,2026-08-24,2026-08-28
ORD-00864,2026-08-20,C0689,R01,App,Cancelled,FESTIVE20,0,,
ORD-00865,2026-08-11,C0006,R02,App,Delivered,WELCOME5,29,2026-08-16,2026-08-16
ORD-00866,2026-08-02,C0023,R03,Web,Delivered,WELCOME5,29,2026-08-06,2026-08-10
ORD-00867,2026-08-19,C0040,R04,Marketplace,Delivered,BLOOM10,49,2026-08-23,2026-08-26
ORD-00868,2026-08-19,C0057,R01,Web,Delivered,VALUE15,29,2026-08-24,2026-08-27
ORD-00869,2026-08-17,C0074,R02,App,Delivered,,29,2026-08-22,2026-08-23
ORD-00870,2026-08-06,C0091,R03,Marketplace,Delivered,,29,2026-08-09,2026-08-09
ORD-00871,2026-08-24,C0108,R04,Marketplace,Delivered,VALUE15,49,2026-08-29,2026-08-26
ORD-00872,2026-08-10,C0125,R01,Marketplace,Delivered,FESTIVE20,29,2026-08-14,2026-08-12
ORD-00873,2026-08-20,C0142,R02,Marketplace,Delivered,VALUE15,29,2026-08-26,2026-08-25
ORD-00874,2026-08-07,C0159,R03,App,Delivered,WELCOME5,29,2026-08-12,2026-08-14
ORD-00875,2026-08-25,C0176,R04,Marketplace,Delivered,,49,2026-08-29,2026-08-28
ORD-00876,2026-08-11,C0193,R01,Web,Delivered,,29,2026-08-14,2026-08-14
ORD-00877,2026-08-23,C0210,R02,Web,Delivered,,29,2026-08-27,2026-08-31
ORD-00878,2026-08-05,C0227,R03,Web,Delivered,VALUE15,29,2026-08-09,2026-08-11
ORD-00879,2026-08-03,C0244,R04,Marketplace,Delivered,WELCOME5,49,2026-08-07,2026-08-09
ORD-00880,2026-08-17,C0261,R01,Marketplace,Delivered,,29,2026-08-20,2026-08-20
ORD-00881,2026-08-06,C0278,R02,Web,Delivered,,29,2026-08-11,2026-08-10
ORD-00882,2026-08-01,C0295,R03,Web,Delivered,VALUE15,29,2026-08-06,2026-08-07
ORD-00883,2026-08-01,C0312,R04,App,Delivered,,49,2026-08-07,2026-08-06
ORD-00884,2026-08-19,C0329,R01,Marketplace,Delivered,BLOOM10,29,2026-08-23,2026-08-21
ORD-00885,2026-08-02,C0346,R02,App,Delivered,WELCOME5,29,2026-08-07,2026-08-05
ORD-00886,2026-08-13,C0363,R03,App,Delivered,VALUE15,29,2026-08-19,2026-08-16
ORD-00887,2026-08-25,C0380,R04,Marketplace,Delivered,,49,2026-08-29,2026-08-27
ORD-00888,2026-08-12,C0397,R01,Web,Cancelled,VALUE15,0,,
ORD-00889,2026-08-21,C0414,R02,Marketplace,Delivered,,29,2026-08-27,2026-08-23
ORD-00890,2026-08-03,C0431,R03,App,Delivered,BLOOM10,29,2026-08-09,2026-08-05
ORD-00891,2026-08-06,C0448,R04,App,Delivered,,49,2026-08-10,2026-08-14
ORD-00892,2026-08-01,C0465,R01,Web,Delivered,,29,2026-08-04,2026-08-06
ORD-00893,2026-08-27,C0482,R02,Marketplace,Delivered,VALUE15,29,2026-09-02,2026-09-02
ORD-00894,2026-08-24,C0499,R03,Web,Delivered,,29,2026-08-30,2026-09-01
ORD-00895,2026-08-25,C0516,R04,App,Delivered,VALUE15,49,2026-08-31,2026-08-30
ORD-00896,2026-08-16,C0533,R01,Marketplace,Delivered,BLOOM10,29,2026-08-22,2026-08-18
ORD-00897,2026-08-12,C0550,R02,Marketplace,Delivered,FESTIVE20,29,2026-08-15,2026-08-16
ORD-00898,2026-08-19,C0567,R03,App,Delivered,VALUE15,29,2026-08-25,2026-08-22
ORD-00899,2026-08-25,C0584,R04,App,Delivered,BLOOM10,49,2026-08-29,2026-08-30
ORD-00900,2026-08-22,C0601,R01,Web,Delivered,FESTIVE20,29,2026-08-26,2026-08-24
ORD-00901,2026-08-16,C0618,R02,Marketplace,Delivered,,29,2026-08-21,2026-08-21
ORD-00902,2026-08-26,C0635,R03,Marketplace,Delivered,FESTIVE20,29,2026-08-29,2026-09-03
ORD-00903,2026-08-15,C0652,R04,Web,Delivered,,49,2026-08-20,2026-08-17
ORD-00904,2026-08-12,C0669,R01,Marketplace,Delivered,FESTIVE20,29,2026-08-17,2026-08-17
ORD-00905,2026-08-18,C0686,R02,Web,Delivered,FESTIVE20,29,2026-08-24,2026-08-23
ORD-00906,2026-08-03,C0003,R03,Web,Delivered,VALUE15,29,2026-08-09,2026-08-10
ORD-00907,2026-08-05,C0020,R04,App,Delivered,,49,2026-08-10,2026-08-07
ORD-00908,2026-08-25,C0037,R01,App,Delivered,BLOOM10,29,2026-08-29,2026-09-02
ORD-00909,2026-08-14,C0054,R02,Web,Delivered,,29,2026-08-19,2026-08-22
ORD-00910,2026-08-02,C0071,R03,App,Delivered,FESTIVE20,29,2026-08-07,2026-08-07
ORD-00911,2026-08-26,C0088,R04,App,Delivered,,49,2026-08-30,2026-09-03
ORD-00912,2026-08-04,C0105,R01,Marketplace,Cancelled,,0,,
ORD-00913,2026-08-25,C0122,R02,Web,Delivered,,29,2026-08-31,2026-08-29
ORD-00914,2026-08-08,C0139,R03,Marketplace,Delivered,,29,2026-08-12,2026-08-12
ORD-00915,2026-08-20,C0156,R04,App,Delivered,,49,2026-08-24,2026-08-28
ORD-00916,2026-08-12,C0173,R01,App,Delivered,WELCOME5,29,2026-08-17,2026-08-17
ORD-00917,2026-08-24,C0190,R02,App,Delivered,BLOOM10,29,2026-08-29,2026-08-27
ORD-00918,2026-08-27,C0207,R03,Web,Delivered,,29,2026-09-02,2026-09-02
ORD-00919,2026-08-27,C0224,R04,Web,Delivered,,49,2026-09-01,2026-09-03
ORD-00920,2026-08-18,C0241,R01,Marketplace,Delivered,,29,2026-08-24,2026-08-22
ORD-00921,2026-08-04,C0258,R02,Marketplace,Delivered,BLOOM10,29,2026-08-07,2026-08-06
ORD-00922,2026-08-14,C0275,R03,Marketplace,Delivered,BLOOM10,29,2026-08-19,2026-08-21
ORD-00923,2026-08-25,C0292,R04,Marketplace,Delivered,BLOOM10,49,2026-08-30,2026-08-31
ORD-00924,2026-08-08,C0309,R01,Web,Delivered,,29,2026-08-11,2026-08-10
ORD-00925,2026-08-12,C0326,R02,App,Delivered,VALUE15,29,2026-08-15,2026-08-17
ORD-00926,2026-08-09,C0343,R03,App,Delivered,FESTIVE20,29,2026-08-13,2026-08-13
ORD-00927,2026-08-23,C0360,R04,App,Delivered,,49,2026-08-28,2026-08-27
ORD-00928,2026-08-05,C0377,R01,Web,Delivered,,29,2026-08-11,2026-08-07
ORD-00929,2026-08-08,C0394,R02,Web,Delivered,FESTIVE20,29,2026-08-13,2026-08-15
ORD-00930,2026-08-13,C0411,R03,App,Delivered,VALUE15,29,2026-08-18,2026-08-15
ORD-00931,2026-08-26,C0428,R04,App,Delivered,FESTIVE20,49,2026-08-31,2026-08-29
ORD-00932,2026-08-10,C0445,R01,App,Delivered,,29,2026-08-16,2026-08-15
ORD-00933,2026-08-03,C0462,R02,Web,Delivered,,29,2026-08-09,2026-08-11
ORD-00934,2026-08-26,C0479,R03,Marketplace,Delivered,,29,2026-08-30,2026-09-01
ORD-00935,2026-08-18,C0496,R04,App,Delivered,FESTIVE20,49,2026-08-24,2026-08-23
ORD-00936,2026-08-15,C0513,R01,Marketplace,Cancelled,WELCOME5,0,,
ORD-00937,2026-08-17,C0530,R02,Web,Delivered,WELCOME5,29,2026-08-20,2026-08-20
ORD-00938,2026-08-24,C0547,R03,Marketplace,Delivered,FESTIVE20,29,2026-08-29,2026-08-31
ORD-00939,2026-08-21,C0564,R04,Web,Delivered,,49,2026-08-27,2026-08-26
ORD-00940,2026-08-23,C0581,R01,App,Delivered,BLOOM10,29,2026-08-28,2026-08-26
ORD-00941,2026-08-05,C0598,R02,Marketplace,Delivered,WELCOME5,29,2026-08-09,2026-08-08
ORD-00942,2026-08-10,C0615,R03,Web,Delivered,,29,2026-08-15,2026-08-13
ORD-00943,2026-08-07,C0632,R04,App,Delivered,,49,2026-08-10,2026-08-10
ORD-00944,2026-08-05,C0649,R01,App,Delivered,VALUE15,29,2026-08-11,2026-08-10
ORD-00945,2026-08-22,C0666,R02,Marketplace,Delivered,,29,2026-08-25,2026-08-24
ORD-00946,2026-08-24,C0683,R03,App,Delivered,FESTIVE20,29,2026-08-30,2026-09-01
ORD-00947,2026-08-13,C0700,R04,App,Delivered,,49,2026-08-19,2026-08-19
ORD-00948,2026-08-08,C0017,R01,Marketplace,Delivered,,29,2026-08-11,2026-08-13
ORD-00949,2026-08-14,C0034,R02,App,Delivered,,29,2026-08-18,2026-08-16
ORD-00950,2026-08-08,C0051,R03,Web,Delivered,VALUE15,29,2026-08-14,2026-08-16
ORD-00951,2026-08-24,C0068,R04,Marketplace,Delivered,BLOOM10,49,2026-08-29,2026-09-01
ORD-00952,2026-08-25,C0085,R01,Web,Delivered,WELCOME5,29,2026-08-29,2026-08-28
ORD-00953,2026-08-05,C0102,R02,App,Delivered,BLOOM10,29,2026-08-09,2026-08-08
ORD-00954,2026-08-22,C0119,R03,Marketplace,Delivered,VALUE15,29,2026-08-27,2026-08-30
ORD-00955,2026-08-23,C0136,R04,App,Delivered,,49,2026-08-26,2026-08-29
ORD-00956,2026-09-13,C0153,R02,Web,Delivered,,29,2026-09-19,2026-09-15
ORD-00957,2026-09-14,C0170,R03,App,Delivered,WELCOME5,29,2026-09-19,2026-09-20
ORD-00958,2026-09-15,C0187,R04,Web,Delivered,FESTIVE20,49,2026-09-18,2026-09-20
ORD-00959,2026-09-25,C0204,R01,App,Delivered,,29,2026-09-30,2026-09-30
ORD-00960,2026-09-21,C0221,R02,App,Cancelled,,0,,
ORD-00961,2026-09-21,C0238,R03,Marketplace,Delivered,FESTIVE20,29,2026-09-27,2026-09-29
ORD-00962,2026-09-23,C0255,R04,Marketplace,Delivered,VALUE15,49,2026-09-29,2026-09-25
ORD-00963,2026-09-26,C0272,R01,Marketplace,Delivered,,29,2026-10-01,2026-10-02
ORD-00964,2026-09-12,C0289,R02,App,Delivered,VALUE15,29,2026-09-17,2026-09-16
ORD-00965,2026-09-02,C0306,R03,Web,Delivered,,29,2026-09-08,2026-09-05
ORD-00966,2026-09-03,C0323,R04,Web,Delivered,WELCOME5,49,2026-09-09,2026-09-07
ORD-00967,2026-09-11,C0340,R01,Marketplace,Delivered,WELCOME5,29,2026-09-17,2026-09-17
ORD-00968,2026-09-08,C0357,R02,App,Delivered,VALUE15,29,2026-09-12,2026-09-12
ORD-00969,2026-09-04,C0374,R03,Web,Delivered,BLOOM10,29,2026-09-08,2026-09-09
ORD-00970,2026-09-02,C0391,R04,App,Delivered,FESTIVE20,49,2026-09-07,2026-09-10
ORD-00971,2026-09-18,C0408,R01,Web,Delivered,VALUE15,29,2026-09-21,2026-09-21
ORD-00972,2026-09-16,C0425,R02,Web,Delivered,WELCOME5,29,2026-09-19,2026-09-18
ORD-00973,2026-09-07,C0442,R03,Marketplace,Delivered,BLOOM10,29,2026-09-13,2026-09-10
ORD-00974,2026-09-17,C0459,R04,Marketplace,Delivered,BLOOM10,49,2026-09-21,2026-09-20
ORD-00975,2026-09-03,C0476,R01,App,Delivered,VALUE15,29,2026-09-08,2026-09-10
ORD-00976,2026-09-04,C0493,R02,Marketplace,Delivered,WELCOME5,29,2026-09-10,2026-09-10
ORD-00977,2026-09-08,C0510,R03,Web,Delivered,,29,2026-09-11,2026-09-14
ORD-00978,2026-09-10,C0527,R04,Web,Delivered,BLOOM10,49,2026-09-14,2026-09-18
ORD-00979,2026-09-26,C0544,R01,Web,Delivered,WELCOME5,29,2026-10-01,2026-09-30
ORD-00980,2026-09-20,C0561,R02,Web,Delivered,FESTIVE20,29,2026-09-26,2026-09-24
ORD-00981,2026-09-13,C0578,R03,App,Delivered,WELCOME5,29,2026-09-17,2026-09-18
ORD-00982,2026-09-19,C0595,R04,App,Delivered,FESTIVE20,49,2026-09-24,2026-09-25
ORD-00983,2026-09-07,C0612,R01,Marketplace,Delivered,VALUE15,29,2026-09-11,2026-09-10
ORD-00984,2026-09-12,C0629,R02,Marketplace,Cancelled,FESTIVE20,0,,
ORD-00985,2026-09-22,C0646,R03,App,Delivered,,29,2026-09-25,2026-09-24
ORD-00986,2026-09-17,C0663,R04,Web,Delivered,VALUE15,49,2026-09-22,2026-09-21
ORD-00987,2026-09-19,C0680,R01,Web,Delivered,BLOOM10,29,2026-09-24,2026-09-25
ORD-00988,2026-09-19,C0697,R02,Marketplace,Delivered,VALUE15,29,2026-09-25,2026-09-25
ORD-00989,2026-09-10,C0014,R03,App,Delivered,FESTIVE20,29,2026-09-15,2026-09-18
ORD-00990,2026-09-15,C0031,R04,Marketplace,Delivered,,49,2026-09-18,2026-09-21
ORD-00991,2026-09-13,C0048,R01,App,Delivered,BLOOM10,29,2026-09-16,2026-09-21
ORD-00992,2026-09-27,C0065,R02,Web,Delivered,WELCOME5,29,2026-09-30,2026-10-02
ORD-00993,2026-09-07,C0082,R03,Web,Delivered,WELCOME5,29,2026-09-13,2026-09-13
ORD-00994,2026-09-18,C0099,R04,Marketplace,Delivered,BLOOM10,49,2026-09-22,2026-09-26
ORD-00995,2026-09-08,C0116,R01,Web,Delivered,,29,2026-09-14,2026-09-13
ORD-00996,2026-09-14,C0133,R02,App,Delivered,WELCOME5,29,2026-09-19,2026-09-16
ORD-00997,2026-09-27,C0150,R03,Web,Delivered,,29,2026-09-30,2026-09-29
ORD-00998,2026-09-04,C0167,R04,App,Delivered,VALUE15,49,2026-09-07,2026-09-08
ORD-00999,2026-09-02,C0184,R01,Marketplace,Delivered,FESTIVE20,29,2026-09-07,2026-09-10
ORD-01000,2026-09-06,C0201,R02,Web,Delivered,FESTIVE20,29,2026-09-11,2026-09-09
ORD-01001,2026-09-25,C0218,R03,Marketplace,Delivered,,29,2026-09-29,2026-10-02
ORD-01002,2026-09-18,C0235,R04,Marketplace,Delivered,FESTIVE20,49,2026-09-22,2026-09-26
ORD-01003,2026-09-19,C0252,R01,Web,Delivered,VALUE15,29,2026-09-24,2026-09-27
ORD-01004,2026-09-10,C0269,R02,Web,Delivered,VALUE15,29,2026-09-14,2026-09-13
ORD-01005,2026-09-17,C0286,R03,App,Delivered,VALUE15,29,2026-09-20,2026-09-22
ORD-01006,2026-09-07,C0303,R04,App,Delivered,WELCOME5,49,2026-09-10,2026-09-10
ORD-01007,2026-09-23,C0320,R01,Marketplace,Delivered,FESTIVE20,29,2026-09-28,2026-09-25
ORD-01008,2026-09-26,C0337,R02,Web,Cancelled,VALUE15,0,,
ORD-01009,2026-09-07,C0354,R03,Web,Delivered,FESTIVE20,29,2026-09-11,2026-09-10
ORD-01010,2026-09-03,C0371,R04,App,Delivered,WELCOME5,49,2026-09-06,2026-09-05
ORD-01011,2026-09-12,C0388,R01,Web,Delivered,BLOOM10,29,2026-09-16,2026-09-15
ORD-01012,2026-09-02,C0405,R02,App,Delivered,,29,2026-09-05,2026-09-04
ORD-01013,2026-09-15,C0422,R03,App,Delivered,WELCOME5,29,2026-09-18,2026-09-17
ORD-01014,2026-09-27,C0439,R04,Web,Delivered,WELCOME5,49,2026-09-30,2026-10-03
ORD-01015,2026-09-06,C0456,R01,App,Delivered,BLOOM10,29,2026-09-09,2026-09-14
ORD-01016,2026-09-06,C0473,R02,App,Delivered,VALUE15,29,2026-09-12,2026-09-11
ORD-01017,2026-09-27,C0490,R03,Marketplace,Delivered,FESTIVE20,29,2026-10-01,2026-09-30
ORD-01018,2026-09-05,C0507,R04,Marketplace,Delivered,,49,2026-09-08,2026-09-11
ORD-01019,2026-09-19,C0524,R01,App,Delivered,,29,2026-09-22,2026-09-21
ORD-01020,2026-09-24,C0541,R02,App,Delivered,WELCOME5,29,2026-09-27,2026-09-26
ORD-01021,2026-09-20,C0558,R03,Marketplace,Delivered,BLOOM10,29,2026-09-25,2026-09-22
ORD-01022,2026-09-17,C0575,R04,App,Delivered,,49,2026-09-23,2026-09-22
ORD-01023,2026-09-13,C0592,R01,Web,Delivered,,29,2026-09-18,2026-09-20
ORD-01024,2026-09-05,C0609,R02,App,Delivered,BLOOM10,29,2026-09-08,2026-09-11
ORD-01025,2026-09-17,C0626,R03,App,Delivered,VALUE15,29,2026-09-22,2026-09-24
ORD-01026,2026-09-10,C0643,R04,App,Delivered,,49,2026-09-15,2026-09-12
ORD-01027,2026-09-20,C0660,R01,App,Delivered,FESTIVE20,29,2026-09-25,2026-09-23
ORD-01028,2026-09-15,C0677,R02,Web,Delivered,,29,2026-09-18,2026-09-22
ORD-01029,2026-09-27,C0694,R03,App,Delivered,,29,2026-10-03,2026-09-29
ORD-01030,2026-09-22,C0011,R04,App,Delivered,VALUE15,49,2026-09-26,2026-09-24
ORD-01031,2026-09-02,C0028,R01,Marketplace,Delivered,FESTIVE20,29,2026-09-06,2026-09-08
ORD-01032,2026-09-02,C0045,R02,Web,Cancelled,WELCOME5,0,,
ORD-01033,2026-09-09,C0062,R03,Marketplace,Delivered,VALUE15,29,2026-09-12,2026-09-14
ORD-01034,2026-09-27,C0079,R04,Marketplace,Delivered,WELCOME5,49,2026-10-03,2026-09-30
ORD-01035,2026-09-11,C0096,R01,Marketplace,Delivered,VALUE15,29,2026-09-14,2026-09-18
ORD-01036,2026-09-13,C0113,R02,App,Delivered,FESTIVE20,29,2026-09-17,2026-09-18
ORD-01037,2026-09-11,C0130,R03,App,Delivered,FESTIVE20,29,2026-09-17,2026-09-13
ORD-01038,2026-09-27,C0147,R04,Web,Delivered,,49,2026-10-01,2026-10-01
ORD-01039,2026-09-11,C0164,R01,App,Delivered,,29,2026-09-14,2026-09-13
ORD-01040,2026-09-02,C0181,R02,Marketplace,Delivered,VALUE15,29,2026-09-08,2026-09-06
ORD-01041,2026-09-20,C0198,R03,Web,Delivered,,29,2026-09-26,2026-09-23
ORD-01042,2026-09-01,C0215,R04,App,Delivered,WELCOME5,49,2026-09-04,2026-09-07
ORD-01043,2026-09-26,C0232,R01,Marketplace,Delivered,,29,2026-09-30,2026-09-28
ORD-01044,2026-09-04,C0249,R02,Marketplace,Delivered,VALUE15,29,2026-09-08,2026-09-08
ORD-01045,2026-09-05,C0266,R03,App,Delivered,BLOOM10,29,2026-09-09,2026-09-07
ORD-01046,2026-09-21,C0283,R04,Web,Delivered,,49,2026-09-25,2026-09-23
ORD-01047,2026-09-24,C0300,R01,Marketplace,Delivered,,29,2026-09-29,2026-09-29
ORD-01048,2026-09-07,C0317,R02,App,Delivered,BLOOM10,29,2026-09-11,2026-09-12
ORD-01049,2026-09-26,C0334,R03,Web,Delivered,,29,2026-09-29,2026-09-28
ORD-01050,2026-09-15,C0351,R04,App,Delivered,,49,2026-09-19,2026-09-22
ORD-01051,2026-09-13,C0368,R01,Marketplace,Delivered,,29,2026-09-18,2026-09-21
ORD-01052,2026-09-20,C0385,R02,Web,Delivered,VALUE15,29,2026-09-25,2026-09-28
ORD-01053,2026-09-22,C0402,R03,App,Delivered,,29,2026-09-25,2026-09-26
ORD-01054,2026-09-07,C0419,R04,App,Delivered,VALUE15,49,2026-09-13,2026-09-12
ORD-01055,2026-09-03,C0436,R01,App,Delivered,,29,2026-09-06,2026-09-05
ORD-01056,2026-09-11,C0453,R02,Marketplace,Cancelled,BLOOM10,0,,
ORD-01057,2026-09-02,C0470,R03,Marketplace,Delivered,,29,2026-09-08,2026-09-04
ORD-01058,2026-09-02,C0487,R04,App,Delivered,,49,2026-09-08,2026-09-09
ORD-01059,2026-09-15,C0504,R01,App,Delivered,VALUE15,29,2026-09-19,2026-09-23
ORD-01060,2026-09-21,C0521,R02,Marketplace,Delivered,WELCOME5,29,2026-09-26,2026-09-23
ORD-01061,2026-09-15,C0538,R03,Web,Delivered,,29,2026-09-21,2026-09-23
ORD-01062,2026-09-11,C0555,R04,Marketplace,Delivered,VALUE15,49,2026-09-15,2026-09-18
ORD-01063,2026-09-16,C0572,R01,App,Delivered,,29,2026-09-19,2026-09-18
ORD-01064,2026-09-23,C0589,R02,App,Delivered,FESTIVE20,29,2026-09-29,2026-09-26
ORD-01065,2026-09-12,C0606,R03,Marketplace,Delivered,,29,2026-09-15,2026-09-20
ORD-01066,2026-09-04,C0623,R04,App,Delivered,FESTIVE20,49,2026-09-08,2026-09-12
ORD-01067,2026-09-06,C0640,R01,App,Delivered,,29,2026-09-11,2026-09-08
ORD-01068,2026-09-21,C0657,R02,Web,Delivered,VALUE15,29,2026-09-24,2026-09-26
ORD-01069,2026-09-25,C0674,R03,Web,Delivered,VALUE15,29,2026-09-29,2026-09-30
ORD-01070,2026-09-16,C0691,R04,App,Delivered,WELCOME5,49,2026-09-22,2026-09-20
ORD-01071,2026-09-20,C0008,R01,Web,Delivered,BLOOM10,29,2026-09-24,2026-09-26
ORD-01072,2026-09-23,C0025,R02,Marketplace,Delivered,,29,2026-09-27,2026-09-28
ORD-01073,2026-09-15,C0042,R03,Marketplace,Delivered,VALUE15,29,2026-09-19,2026-09-22
ORD-01074,2026-09-26,C0059,R04,Marketplace,Delivered,FESTIVE20,49,2026-09-29,2026-10-01
ORD-01075,2026-09-09,C0076,R01,App,Delivered,,29,2026-09-14,2026-09-11
ORD-01076,2026-09-19,C0093,R02,Marketplace,Delivered,FESTIVE20,29,2026-09-24,2026-09-23
ORD-01077,2026-09-27,C0110,R03,App,Delivered,VALUE15,29,2026-10-02,2026-10-03
ORD-01078,2026-09-18,C0127,R04,App,Delivered,FESTIVE20,49,2026-09-24,2026-09-22
ORD-01079,2026-09-08,C0144,R01,App,Delivered,WELCOME5,29,2026-09-13,2026-09-11
ORD-01080,2026-09-07,C0161,R02,Marketplace,Cancelled,BLOOM10,0,,
ORD-01081,2026-09-27,C0178,R03,Web,Delivered,,29,2026-10-03,2026-09-30
ORD-01082,2026-09-24,C0195,R04,Web,Delivered,,49,2026-09-30,2026-09-30
ORD-01083,2026-09-07,C0212,R01,App,Delivered,,29,2026-09-13,2026-09-15
ORD-01084,2026-09-11,C0229,R02,Web,Delivered,BLOOM10,29,2026-09-15,2026-09-13
ORD-01085,2026-09-25,C0246,R03,Marketplace,Delivered,WELCOME5,29,2026-09-30,2026-10-02
ORD-01086,2026-09-07,C0263,R04,Web,Delivered,BLOOM10,49,2026-09-11,2026-09-09
ORD-01087,2026-09-12,C0280,R01,App,Delivered,BLOOM10,29,2026-09-15,2026-09-14
ORD-01088,2026-09-14,C0297,R02,App,Delivered,BLOOM10,29,2026-09-19,2026-09-17
ORD-01089,2026-09-17,C0314,R03,Web,Delivered,,29,2026-09-20,2026-09-24
ORD-01090,2026-09-12,C0331,R04,App,Delivered,,49,2026-09-18,2026-09-17
ORD-01091,2026-09-21,C0348,R01,App,Delivered,,29,2026-09-24,2026-09-24
ORD-01092,2026-09-10,C0365,R02,Marketplace,Delivered,FESTIVE20,29,2026-09-14,2026-09-14
ORD-01093,2026-09-13,C0382,R03,Marketplace,Delivered,VALUE15,29,2026-09-17,2026-09-18
ORD-01094,2026-09-07,C0399,R04,App,Delivered,VALUE15,49,2026-09-13,2026-09-13
ORD-01095,2026-09-05,C0416,R01,App,Delivered,,29,2026-09-08,2026-09-12
ORD-01096,2026-09-18,C0433,R02,Web,Delivered,WELCOME5,29,2026-09-22,2026-09-25
ORD-01097,2026-09-14,C0450,R03,Web,Delivered,BLOOM10,29,2026-09-17,2026-09-21
ORD-01098,2026-09-18,C0467,R04,Marketplace,Delivered,WELCOME5,49,2026-09-22,2026-09-22
ORD-01099,2026-09-20,C0484,R01,Marketplace,Delivered,WELCOME5,29,2026-09-23,2026-09-24
ORD-01100,2026-09-14,C0501,R02,Web,Delivered,BLOOM10,29,2026-09-17,2026-09-18
ORD-01101,2026-09-02,C0518,R03,App,Delivered,FESTIVE20,29,2026-09-08,2026-09-09
ORD-01102,2026-09-22,C0535,R04,Marketplace,Delivered,,49,2026-09-27,2026-09-26
ORD-01103,2026-09-21,C0552,R01,Marketplace,Delivered,BLOOM10,29,2026-09-25,2026-09-27
ORD-01104,2026-09-20,C0569,R02,Marketplace,Cancelled,BLOOM10,0,,
ORD-01105,2026-09-17,C0586,R03,Web,Delivered,,29,2026-09-20,2026-09-22
ORD-01106,2026-09-24,C0603,R04,App,Delivered,BLOOM10,49,2026-09-29,2026-10-02
ORD-01107,2026-09-20,C0620,R01,Web,Delivered,,29,2026-09-23,2026-09-22
ORD-01108,2026-09-05,C0637,R02,Marketplace,Delivered,WELCOME5,29,2026-09-09,2026-09-08
ORD-01109,2026-09-06,C0654,R03,Web,Delivered,,29,2026-09-10,2026-09-13
ORD-01110,2026-09-11,C0671,R04,Web,Delivered,FESTIVE20,49,2026-09-14,2026-09-19
ORD-01111,2026-09-14,C0688,R01,App,Delivered,,29,2026-09-20,2026-09-16
ORD-01112,2026-09-20,C0005,R02,Marketplace,Delivered,VALUE15,29,2026-09-24,2026-09-28
ORD-01113,2026-09-12,C0022,R03,Marketplace,Delivered,,29,2026-09-15,2026-09-15
ORD-01114,2026-09-05,C0039,R04,App,Delivered,WELCOME5,49,2026-09-08,2026-09-13
ORD-01115,2026-09-11,C0056,R01,Web,Delivered,,29,2026-09-15,2026-09-17
ORD-01116,2026-09-22,C0073,R02,Marketplace,Delivered,,29,2026-09-28,2026-09-30
ORD-01117,2026-09-18,C0090,R03,App,Delivered,,29,2026-09-21,2026-09-25
ORD-01118,2026-09-21,C0107,R04,Web,Delivered,,49,2026-09-25,2026-09-28
ORD-01119,2026-09-15,C0124,R01,Marketplace,Delivered,,29,2026-09-19,2026-09-22
ORD-01120,2026-09-06,C0141,R02,Marketplace,Delivered,FESTIVE20,29,2026-09-12,2026-09-13
ORD-01121,2026-09-22,C0158,R03,Marketplace,Delivered,WELCOME5,29,2026-09-28,2026-09-30
ORD-01122,2026-09-20,C0175,R04,Web,Delivered,,49,2026-09-23,2026-09-27
ORD-01123,2026-09-06,C0192,R01,Marketplace,Delivered,FESTIVE20,29,2026-09-09,2026-09-13
ORD-01124,2026-09-27,C0209,R02,App,Delivered,WELCOME5,29,2026-10-01,2026-09-30
ORD-01125,2026-09-14,C0226,R03,Web,Delivered,,29,2026-09-19,2026-09-19
ORD-01126,2026-09-07,C0243,R04,App,Delivered,BLOOM10,49,2026-09-12,2026-09-11
ORD-01127,2026-09-07,C0260,R01,Marketplace,Delivered,VALUE15,29,2026-09-11,2026-09-14
ORD-01128,2026-09-11,C0277,R02,Web,Cancelled,FESTIVE20,0,,
ORD-01129,2026-09-27,C0294,R03,App,Delivered,,29,2026-10-03,2026-10-01
ORD-01130,2026-09-12,C0311,R04,App,Delivered,FESTIVE20,49,2026-09-18,2026-09-20
ORD-01131,2026-09-19,C0328,R01,Web,Delivered,,29,2026-09-25,2026-09-24
ORD-01132,2026-09-02,C0345,R02,Marketplace,Delivered,,29,2026-09-08,2026-09-10
ORD-01133,2026-09-16,C0362,R03,Marketplace,Delivered,FESTIVE20,29,2026-09-21,2026-09-23
ORD-01134,2026-09-15,C0379,R04,Marketplace,Delivered,,49,2026-09-20,2026-09-17
ORD-01135,2026-09-05,C0396,R01,Marketplace,Delivered,WELCOME5,29,2026-09-08,2026-09-13
ORD-01136,2026-09-04,C0413,R02,App,Delivered,WELCOME5,29,2026-09-07,2026-09-06
ORD-01137,2026-09-24,C0430,R03,Web,Delivered,BLOOM10,29,2026-09-27,2026-09-30
ORD-01138,2026-09-19,C0447,R04,Web,Delivered,,49,2026-09-25,2026-09-27
ORD-01139,2026-09-10,C0464,R01,Marketplace,Delivered,WELCOME5,29,2026-09-16,2026-09-18
ORD-01140,2026-09-07,C0481,R02,Marketplace,Delivered,BLOOM10,29,2026-09-10,2026-09-11
ORD-01141,2026-09-04,C0498,R03,Marketplace,Delivered,WELCOME5,29,2026-09-07,2026-09-06
ORD-01142,2026-09-12,C0515,R04,Marketplace,Delivered,BLOOM10,49,2026-09-17,2026-09-15
ORD-01143,2026-09-13,C0532,R01,Marketplace,Delivered,,29,2026-09-16,2026-09-19
ORD-01144,2026-09-20,C0549,R02,Web,Delivered,,29,2026-09-23,2026-09-28
ORD-01145,2026-09-21,C0566,R03,Web,Delivered,,29,2026-09-26,2026-09-28
ORD-01146,2026-09-22,C0583,R04,App,Delivered,FESTIVE20,49,2026-09-27,2026-09-29
ORD-01147,2026-09-16,C0600,R01,Web,Delivered,WELCOME5,29,2026-09-19,2026-09-18
ORD-01148,2026-09-14,C0617,R02,Web,Delivered,,29,2026-09-19,2026-09-21
ORD-01149,2026-09-18,C0634,R03,Web,Delivered,,29,2026-09-24,2026-09-26
ORD-01150,2026-09-23,C0651,R04,Marketplace,Delivered,FESTIVE20,49,2026-09-27,2026-09-27
ORD-01151,2026-09-06,C0668,R01,App,Delivered,BLOOM10,29,2026-09-12,2026-09-14
ORD-01152,2026-09-10,C0685,R02,Marketplace,Cancelled,FESTIVE20,0,,
ORD-01153,2026-09-14,C0002,R03,Marketplace,Delivered,BLOOM10,29,2026-09-20,2026-09-18
ORD-01154,2026-09-03,C0019,R04,Web,Delivered,,49,2026-09-08,2026-09-06
ORD-01155,2026-09-05,C0036,R01,App,Delivered,WELCOME5,29,2026-09-10,2026-09-13
ORD-01156,2026-09-01,C0053,R02,Marketplace,Delivered,WELCOME5,29,2026-09-07,2026-09-05
ORD-01157,2026-09-06,C0070,R03,Web,Delivered,,29,2026-09-12,2026-09-11
ORD-01158,2026-09-12,C0087,R04,Marketplace,Delivered,BLOOM10,49,2026-09-18,2026-09-15
ORD-01159,2026-09-09,C0104,R01,App,Delivered,,29,2026-09-14,2026-09-11
ORD-01160,2026-09-23,C0121,R02,Marketplace,Delivered,,29,2026-09-27,2026-09-28
ORD-01161,2026-09-11,C0138,R03,Web,Delivered,WELCOME5,29,2026-09-16,2026-09-15
ORD-01162,2026-09-02,C0155,R04,App,Delivered,,49,2026-09-07,2026-09-09
ORD-01163,2026-09-15,C0172,R01,App,Delivered,WELCOME5,29,2026-09-19,2026-09-19
ORD-01164,2026-09-12,C0189,R02,Web,Delivered,,29,2026-09-16,2026-09-15
ORD-01165,2026-09-06,C0206,R03,Web,Delivered,,29,2026-09-12,2026-09-08
ORD-01166,2026-09-14,C0223,R04,App,Delivered,,49,2026-09-18,2026-09-16
ORD-01167,2026-09-11,C0240,R01,Web,Delivered,,29,2026-09-15,2026-09-17
ORD-01168,2026-09-26,C0257,R02,Web,Delivered,VALUE15,29,2026-09-30,2026-09-28
ORD-01169,2026-09-03,C0274,R03,Web,Delivered,VALUE15,29,2026-09-08,2026-09-11
ORD-01170,2026-09-14,C0291,R04,App,Delivered,FESTIVE20,49,2026-09-19,2026-09-18
ORD-01171,2026-09-04,C0308,R01,Web,Delivered,BLOOM10,29,2026-09-07,2026-09-12
ORD-01172,2026-09-22,C0325,R02,Marketplace,Delivered,,29,2026-09-25,2026-09-24
ORD-01173,2026-09-18,C0342,R03,Marketplace,Delivered,WELCOME5,29,2026-09-23,2026-09-20
ORD-01174,2026-09-18,C0359,R04,App,Delivered,,49,2026-09-21,2026-09-25
ORD-01175,2026-09-15,C0376,R01,Web,Delivered,BLOOM10,29,2026-09-21,2026-09-20
ORD-01176,2026-09-05,C0393,R02,Web,Cancelled,,0,,
ORD-01177,2026-09-08,C0410,R03,Web,Delivered,BLOOM10,29,2026-09-11,2026-09-16
ORD-01178,2026-09-24,C0427,R04,Marketplace,Delivered,,49,2026-09-29,2026-09-26
ORD-01179,2026-09-05,C0444,R01,App,Delivered,BLOOM10,29,2026-09-10,2026-09-12
ORD-01180,2026-09-07,C0461,R02,Marketplace,Delivered,VALUE15,29,2026-09-10,2026-09-15
ORD-01181,2026-09-14,C0478,R03,App,Delivered,WELCOME5,29,2026-09-19,2026-09-20
ORD-01182,2026-09-12,C0495,R04,Marketplace,Delivered,WELCOME5,49,2026-09-18,2026-09-20
ORD-01183,2026-09-06,C0512,R01,App,Delivered,FESTIVE20,29,2026-09-09,2026-09-09
ORD-01184,2026-09-16,C0529,R02,Web,Delivered,BLOOM10,29,2026-09-22,2026-09-19
ORD-01185,2026-09-03,C0546,R03,Marketplace,Delivered,,29,2026-09-06,2026-09-08
ORD-01186,2026-09-27,C0563,R04,Marketplace,Delivered,VALUE15,49,2026-10-03,2026-10-01
ORD-01187,2026-09-23,C0580,R01,Web,Delivered,WELCOME5,29,2026-09-29,2026-09-29
ORD-01188,2026-09-18,C0597,R02,App,Delivered,,29,2026-09-23,2026-09-25
ORD-01189,2026-09-05,C0614,R03,Web,Delivered,FESTIVE20,29,2026-09-11,2026-09-07
ORD-01190,2026-09-02,C0631,R04,Web,Delivered,FESTIVE20,49,2026-09-08,2026-09-06
ORD-01191,2026-09-01,C0648,R01,App,Delivered,FESTIVE20,29,2026-09-06,2026-09-06
ORD-01192,2026-09-03,C0665,R02,Web,Delivered,BLOOM10,29,2026-09-08,2026-09-09
ORD-01193,2026-09-14,C0682,R03,Marketplace,Delivered,,29,2026-09-19,2026-09-20
ORD-01194,2026-09-03,C0699,R04,Web,Delivered,BLOOM10,49,2026-09-06,2026-09-11
ORD-01195,2026-09-12,C0016,R01,Web,Delivered,,29,2026-09-17,2026-09-20
ORD-01196,2026-09-08,C0033,R02,App,Delivered,,29,2026-09-12,2026-09-16
ORD-01197,2026-09-20,C0050,R03,Marketplace,Delivered,,29,2026-09-24,2026-09-25
ORD-01198,2026-09-24,C0067,R04,App,Delivered,,49,2026-09-29,2026-10-02
ORD-01199,2026-09-10,C0084,R01,Marketplace,Delivered,WELCOME5,29,2026-09-14,2026-09-16
ORD-01200,2026-09-17,C0101,R02,Marketplace,Cancelled,VALUE15,0,,
