shipment_id,order_id,region_id,carrier,delivery_cost_inr,promised_delivery_date,actual_delivery_date,delivery_status
SHP-00001,ORD-00001,R02,QuickCart,98,2026-04-17,2026-04-17,Delivered
SHP-00002,ORD-00002,R03,ParcelRoute,83,2026-04-09,2026-04-11,Delivered
SHP-00003,ORD-00003,R04,QuickCart,178,2026-04-24,2026-04-28,Delivered
SHP-00004,ORD-00004,R01,ParcelRoute,113,2026-04-09,2026-04-08,Delivered
SHP-00005,ORD-00005,R02,SwiftShip,83,2026-04-15,2026-04-16,Delivered
SHP-00006,ORD-00006,R03,SwiftShip,107,2026-04-26,2026-04-22,Delivered
SHP-00007,ORD-00007,R04,QuickCart,181,2026-04-26,2026-04-28,Delivered
SHP-00008,ORD-00008,R01,QuickCart,111,2026-04-07,2026-04-05,Delivered
SHP-00009,ORD-00009,R02,QuickCart,76,2026-04-15,2026-04-14,Delivered
SHP-00010,ORD-00010,R03,ParcelRoute,86,2026-04-23,2026-04-26,Delivered
SHP-00011,ORD-00011,R04,QuickCart,192,2026-04-11,2026-04-13,Delivered
SHP-00012,ORD-00012,R01,ParcelRoute,112,2026-04-18,2026-04-15,Delivered
SHP-00013,ORD-00013,R02,SwiftShip,85,2026-04-11,2026-04-15,Delivered
SHP-00014,ORD-00014,R03,SwiftShip,99,2026-04-04,2026-04-08,Delivered
SHP-00015,ORD-00015,R04,QuickCart,172,2026-04-18,2026-04-17,Delivered
SHP-00016,ORD-00016,R01,SwiftShip,102,2026-04-05,2026-04-03,Delivered
SHP-00017,ORD-00017,R02,ParcelRoute,82,2026-05-01,2026-04-29,Delivered
SHP-00018,ORD-00018,R03,ParcelRoute,89,2026-04-10,2026-04-09,Delivered
SHP-00019,ORD-00019,R04,QuickCart,184,2026-04-11,2026-04-08,Delivered
SHP-00020,ORD-00020,R01,SwiftShip,104,2026-04-17,2026-04-18,Delivered
SHP-00021,ORD-00021,R02,QuickCart,82,2026-04-23,2026-04-24,Delivered
SHP-00022,ORD-00022,R03,QuickCart,76,2026-04-11,2026-04-12,Delivered
SHP-00023,ORD-00023,R04,QuickCart,184,2026-04-09,2026-04-10,Delivered
SHP-00024,ORD-00025,R02,SwiftShip,91,2026-04-09,2026-04-09,Delivered
SHP-00025,ORD-00026,R03,ParcelRoute,84,2026-04-26,2026-04-24,Delivered
SHP-00026,ORD-00027,R04,SwiftShip,172,2026-04-27,2026-04-24,Delivered
SHP-00027,ORD-00028,R01,QuickCart,111,2026-04-08,2026-04-07,Delivered
SHP-00028,ORD-00029,R02,SwiftShip,81,2026-04-04,2026-04-03,Delivered
SHP-00029,ORD-00030,R03,ParcelRoute,96,2026-04-06,2026-04-07,Delivered
SHP-00030,ORD-00031,R04,QuickCart,175,2026-04-19,2026-04-17,Delivered
SHP-00031,ORD-00032,R01,QuickCart,111,2026-04-20,2026-04-23,Delivered
SHP-00032,ORD-00033,R02,SwiftShip,100,2026-04-27,2026-04-24,Delivered
SHP-00033,ORD-00034,R03,QuickCart,105,2026-04-27,2026-04-28,Delivered
SHP-00034,ORD-00035,R04,QuickCart,179,2026-04-24,2026-04-23,Delivered
SHP-00035,ORD-00036,R01,ParcelRoute,119,2026-04-30,2026-04-30,Delivered
SHP-00036,ORD-00037,R02,QuickCart,86,2026-04-07,2026-04-04,Delivered
SHP-00037,ORD-00038,R03,SwiftShip,80,2026-04-28,2026-04-28,Delivered
SHP-00038,ORD-00039,R04,SwiftShip,176,2026-04-21,2026-04-25,Delivered
SHP-00039,ORD-00040,R01,QuickCart,105,2026-04-07,2026-04-03,Delivered
SHP-00040,ORD-00041,R02,QuickCart,75,2026-04-26,2026-04-25,Delivered
SHP-00041,ORD-00042,R03,ParcelRoute,83,2026-04-27,2026-04-25,Delivered
SHP-00042,ORD-00043,R04,SwiftShip,196,2026-04-09,2026-04-13,Delivered
SHP-00043,ORD-00044,R01,ParcelRoute,114,2026-04-29,2026-04-28,Delivered
SHP-00044,ORD-00045,R02,SwiftShip,78,2026-04-25,2026-04-30,Delivered
SHP-00045,ORD-00046,R03,QuickCart,104,2026-04-27,2026-04-28,Delivered
SHP-00046,ORD-00047,R04,QuickCart,183,2026-04-14,2026-04-16,Delivered
SHP-00047,ORD-00049,R02,ParcelRoute,79,2026-04-28,2026-05-01,Delivered
SHP-00048,ORD-00050,R03,QuickCart,104,2026-04-22,2026-04-22,Delivered
SHP-00049,ORD-00051,R04,QuickCart,159,2026-04-16,2026-04-16,Delivered
SHP-00050,ORD-00052,R01,QuickCart,104,2026-04-28,2026-04-26,Delivered
SHP-00051,ORD-00053,R02,QuickCart,78,2026-04-20,2026-04-20,Delivered
SHP-00052,ORD-00054,R03,SwiftShip,99,2026-04-11,2026-04-14,Delivered
SHP-00053,ORD-00055,R04,ParcelRoute,182,2026-04-30,2026-04-27,Delivered
SHP-00054,ORD-00056,R01,ParcelRoute,108,2026-04-26,2026-04-23,Delivered
SHP-00055,ORD-00057,R02,SwiftShip,100,2026-04-26,2026-04-25,Delivered
SHP-00056,ORD-00058,R03,SwiftShip,107,2026-04-14,2026-04-17,Delivered
SHP-00057,ORD-00059,R04,QuickCart,170,2026-04-11,2026-04-08,Delivered
SHP-00058,ORD-00060,R01,QuickCart,90,2026-04-17,2026-04-17,Delivered
SHP-00059,ORD-00061,R02,QuickCart,94,2026-04-27,2026-04-26,Delivered
SHP-00060,ORD-00062,R03,QuickCart,95,2026-04-09,2026-04-08,Delivered
SHP-00061,ORD-00063,R04,ParcelRoute,168,2026-04-26,2026-04-23,Delivered
SHP-00062,ORD-00064,R01,ParcelRoute,109,2026-04-21,2026-04-24,Delivered
SHP-00063,ORD-00065,R02,ParcelRoute,80,2026-04-08,2026-04-06,Delivered
SHP-00064,ORD-00066,R03,SwiftShip,95,2026-04-23,2026-04-21,Delivered
SHP-00065,ORD-00067,R04,SwiftShip,190,2026-04-19,2026-04-20,Delivered
SHP-00066,ORD-00068,R01,QuickCart,90,2026-04-21,2026-04-20,Delivered
SHP-00067,ORD-00069,R02,ParcelRoute,68,2026-04-28,2026-04-25,Delivered
SHP-00068,ORD-00070,R03,QuickCart,85,2026-04-14,2026-04-14,Delivered
SHP-00069,ORD-00071,R04,QuickCart,177,2026-05-01,2026-05-01,Delivered
SHP-00070,ORD-00073,R02,QuickCart,72,2026-05-01,2026-04-30,Delivered
SHP-00071,ORD-00074,R03,SwiftShip,106,2026-04-26,2026-04-24,Delivered
SHP-00072,ORD-00075,R04,SwiftShip,166,2026-04-28,2026-04-28,Delivered
SHP-00073,ORD-00076,R01,QuickCart,108,2026-04-28,2026-04-29,Delivered
SHP-00074,ORD-00077,R02,ParcelRoute,83,2026-04-30,2026-05-05,Delivered
SHP-00075,ORD-00078,R03,ParcelRoute,92,2026-04-18,2026-04-20,Delivered
SHP-00076,ORD-00079,R04,QuickCart,200,2026-04-08,2026-04-12,Delivered
SHP-00077,ORD-00080,R01,ParcelRoute,105,2026-04-07,2026-04-09,Delivered
SHP-00078,ORD-00081,R02,ParcelRoute,99,2026-05-02,2026-04-29,Delivered
SHP-00079,ORD-00082,R03,ParcelRoute,98,2026-04-14,2026-04-13,Delivered
SHP-00080,ORD-00083,R04,SwiftShip,207,2026-04-25,2026-04-25,Delivered
SHP-00081,ORD-00084,R01,SwiftShip,110,2026-04-22,2026-04-23,Delivered
SHP-00082,ORD-00085,R02,SwiftShip,85,2026-04-06,2026-04-10,Delivered
SHP-00083,ORD-00086,R03,QuickCart,85,2026-04-27,2026-04-25,Delivered
SHP-00084,ORD-00087,R04,SwiftShip,175,2026-04-19,2026-04-22,Delivered
SHP-00085,ORD-00088,R01,SwiftShip,91,2026-04-15,2026-04-19,Delivered
SHP-00086,ORD-00089,R02,SwiftShip,99,2026-04-16,2026-04-21,Delivered
SHP-00087,ORD-00090,R03,ParcelRoute,95,2026-04-13,2026-04-14,Delivered
SHP-00088,ORD-00091,R04,QuickCart,203,2026-04-08,2026-04-05,Delivered
SHP-00089,ORD-00092,R01,QuickCart,105,2026-04-17,2026-04-16,Delivered
SHP-00090,ORD-00093,R02,SwiftShip,81,2026-04-19,2026-04-22,Delivered
SHP-00091,ORD-00094,R03,ParcelRoute,83,2026-04-08,2026-04-09,Delivered
SHP-00092,ORD-00095,R04,QuickCart,160,2026-04-29,2026-05-02,Delivered
SHP-00093,ORD-00097,R02,ParcelRoute,68,2026-04-24,2026-04-28,Delivered
SHP-00094,ORD-00098,R03,QuickCart,91,2026-04-08,2026-04-09,Delivered
SHP-00095,ORD-00099,R04,QuickCart,166,2026-04-26,2026-04-25,Delivered
SHP-00096,ORD-00100,R01,SwiftShip,95,2026-04-27,2026-04-26,Delivered
SHP-00097,ORD-00101,R02,ParcelRoute,95,2026-04-10,2026-04-11,Delivered
SHP-00098,ORD-00102,R03,SwiftShip,80,2026-04-13,2026-04-12,Delivered
SHP-00099,ORD-00103,R04,QuickCart,201,2026-04-18,2026-04-20,Delivered
SHP-00100,ORD-00104,R01,SwiftShip,89,2026-04-09,2026-04-10,Delivered
SHP-00101,ORD-00105,R02,SwiftShip,71,2026-04-20,2026-04-16,Delivered
SHP-00102,ORD-00106,R03,SwiftShip,78,2026-04-15,2026-04-18,Delivered
SHP-00103,ORD-00107,R04,QuickCart,177,2026-04-08,2026-04-10,Delivered
SHP-00104,ORD-00108,R01,SwiftShip,106,2026-04-24,2026-04-20,Delivered
SHP-00105,ORD-00109,R02,QuickCart,98,2026-04-08,2026-04-13,Delivered
SHP-00106,ORD-00110,R03,SwiftShip,101,2026-04-21,2026-04-23,Delivered
SHP-00107,ORD-00111,R04,QuickCart,189,2026-04-21,2026-04-23,Delivered
SHP-00108,ORD-00112,R01,ParcelRoute,130,2026-04-20,2026-04-24,Delivered
SHP-00109,ORD-00113,R02,SwiftShip,87,2026-04-29,2026-05-02,Delivered
SHP-00110,ORD-00114,R03,QuickCart,95,2026-04-29,2026-04-27,Delivered
SHP-00111,ORD-00115,R04,ParcelRoute,168,2026-04-21,2026-04-19,Delivered
SHP-00112,ORD-00116,R01,ParcelRoute,90,2026-04-13,2026-04-12,Delivered
SHP-00113,ORD-00117,R02,ParcelRoute,78,2026-04-13,2026-04-18,Delivered
SHP-00114,ORD-00118,R03,ParcelRoute,91,2026-04-30,2026-04-28,Delivered
SHP-00115,ORD-00119,R04,QuickCart,167,2026-04-16,2026-04-15,Delivered
SHP-00116,ORD-00121,R02,QuickCart,89,2026-04-23,2026-04-23,Delivered
SHP-00117,ORD-00122,R03,QuickCart,82,2026-04-11,2026-04-13,Delivered
SHP-00118,ORD-00123,R04,QuickCart,182,2026-04-11,2026-04-16,Delivered
SHP-00119,ORD-00124,R01,SwiftShip,112,2026-04-17,2026-04-15,Delivered
SHP-00120,ORD-00125,R02,ParcelRoute,91,2026-04-25,2026-04-25,Delivered
SHP-00121,ORD-00126,R03,SwiftShip,99,2026-04-12,2026-04-15,Delivered
SHP-00122,ORD-00127,R04,QuickCart,178,2026-04-16,2026-04-15,Delivered
SHP-00123,ORD-00128,R01,ParcelRoute,108,2026-04-22,2026-04-21,Delivered
SHP-00124,ORD-00129,R02,QuickCart,88,2026-04-14,2026-04-17,Delivered
SHP-00125,ORD-00130,R03,SwiftShip,83,2026-04-17,2026-04-18,Delivered
SHP-00126,ORD-00131,R04,SwiftShip,189,2026-04-19,2026-04-22,Delivered
SHP-00127,ORD-00132,R01,ParcelRoute,108,2026-04-14,2026-04-12,Delivered
SHP-00128,ORD-00133,R02,ParcelRoute,68,2026-04-30,2026-05-02,Delivered
SHP-00129,ORD-00134,R03,ParcelRoute,78,2026-04-11,2026-04-09,Delivered
SHP-00130,ORD-00135,R04,QuickCart,184,2026-04-15,2026-04-15,Delivered
SHP-00131,ORD-00136,R01,QuickCart,96,2026-04-16,2026-04-15,Delivered
SHP-00132,ORD-00137,R02,ParcelRoute,86,2026-04-18,2026-04-20,Delivered
SHP-00133,ORD-00138,R03,ParcelRoute,104,2026-04-19,2026-04-18,Delivered
SHP-00134,ORD-00139,R04,QuickCart,185,2026-04-18,2026-04-18,Delivered
SHP-00135,ORD-00140,R01,SwiftShip,103,2026-04-22,2026-04-23,Delivered
SHP-00136,ORD-00141,R02,ParcelRoute,71,2026-04-29,2026-04-28,Delivered
SHP-00137,ORD-00142,R03,SwiftShip,81,2026-04-22,2026-04-26,Delivered
SHP-00138,ORD-00143,R04,QuickCart,180,2026-04-08,2026-04-08,Delivered
SHP-00139,ORD-00145,R02,ParcelRoute,75,2026-04-22,2026-04-27,Delivered
SHP-00140,ORD-00146,R03,SwiftShip,81,2026-04-10,2026-04-13,Delivered
SHP-00141,ORD-00147,R04,SwiftShip,181,2026-04-07,2026-04-05,Delivered
SHP-00142,ORD-00148,R01,SwiftShip,102,2026-04-18,2026-04-18,Delivered
SHP-00143,ORD-00149,R02,QuickCart,92,2026-04-08,2026-04-07,Delivered
SHP-00144,ORD-00150,R03,SwiftShip,89,2026-04-29,2026-04-30,Delivered
SHP-00145,ORD-00151,R04,SwiftShip,185,2026-04-23,2026-04-25,Delivered
SHP-00146,ORD-00152,R01,SwiftShip,103,2026-04-19,2026-04-24,Delivered
SHP-00147,ORD-00153,R02,QuickCart,91,2026-04-19,2026-04-15,Delivered
SHP-00148,ORD-00154,R03,ParcelRoute,91,2026-04-14,2026-04-16,Delivered
SHP-00149,ORD-00155,R04,QuickCart,168,2026-04-27,2026-05-02,Delivered
SHP-00150,ORD-00156,R01,SwiftShip,82,2026-04-27,2026-04-23,Delivered
SHP-00151,ORD-00157,R02,SwiftShip,87,2026-04-26,2026-04-24,Delivered
SHP-00152,ORD-00158,R03,QuickCart,95,2026-04-07,2026-04-09,Delivered
SHP-00153,ORD-00159,R04,ParcelRoute,195,2026-04-05,2026-04-10,Delivered
SHP-00154,ORD-00160,R01,QuickCart,110,2026-04-30,2026-05-03,Delivered
SHP-00155,ORD-00161,R03,QuickCart,86,2026-05-14,2026-05-14,Delivered
SHP-00156,ORD-00162,R04,SwiftShip,159,2026-05-18,2026-05-18,Delivered
SHP-00157,ORD-00163,R01,SwiftShip,96,2026-05-28,2026-05-24,Delivered
SHP-00158,ORD-00164,R02,ParcelRoute,97,2026-05-13,2026-05-17,Delivered
SHP-00159,ORD-00165,R03,ParcelRoute,97,2026-05-07,2026-05-11,Delivered
SHP-00160,ORD-00166,R04,ParcelRoute,193,2026-05-20,2026-05-20,Delivered
SHP-00161,ORD-00167,R01,SwiftShip,95,2026-05-10,2026-05-09,Delivered
SHP-00162,ORD-00169,R03,SwiftShip,85,2026-05-20,2026-05-21,Delivered
SHP-00163,ORD-00170,R04,SwiftShip,181,2026-05-30,2026-06-03,Delivered
SHP-00164,ORD-00171,R01,SwiftShip,99,2026-05-14,2026-05-13,Delivered
SHP-00165,ORD-00172,R02,ParcelRoute,86,2026-05-23,2026-05-23,Delivered
SHP-00166,ORD-00173,R03,QuickCart,90,2026-05-24,2026-05-23,Delivered
SHP-00167,ORD-00174,R04,ParcelRoute,165,2026-05-24,2026-05-24,Delivered
SHP-00168,ORD-00175,R01,SwiftShip,90,2026-05-26,2026-05-25,Delivered
SHP-00169,ORD-00176,R02,SwiftShip,99,2026-05-27,2026-05-26,Delivered
SHP-00170,ORD-00177,R03,QuickCart,84,2026-05-25,2026-05-28,Delivered
SHP-00171,ORD-00178,R04,SwiftShip,173,2026-05-30,2026-06-02,Delivered
SHP-00172,ORD-00179,R01,SwiftShip,90,2026-05-13,2026-05-14,Delivered
SHP-00173,ORD-00180,R02,ParcelRoute,79,2026-05-23,2026-05-26,Delivered
SHP-00174,ORD-00181,R03,ParcelRoute,95,2026-05-08,2026-05-09,Delivered
SHP-00175,ORD-00182,R04,QuickCart,181,2026-05-13,2026-05-13,Delivered
SHP-00176,ORD-00183,R01,ParcelRoute,100,2026-05-09,2026-05-13,Delivered
SHP-00177,ORD-00184,R02,QuickCart,81,2026-05-26,2026-05-29,Delivered
SHP-00178,ORD-00185,R03,ParcelRoute,126,2026-05-07,2026-05-05,Delivered
SHP-00179,ORD-00186,R04,ParcelRoute,202,2026-05-13,2026-05-18,Delivered
SHP-00180,ORD-00187,R01,ParcelRoute,126,2026-05-12,2026-05-12,Delivered
SHP-00181,ORD-00188,R02,SwiftShip,84,2026-05-19,2026-05-19,Delivered
SHP-00182,ORD-00189,R03,QuickCart,97,2026-05-17,2026-05-14,Delivered
SHP-00183,ORD-00190,R04,QuickCart,171,2026-05-17,2026-05-17,Delivered
SHP-00184,ORD-00191,R01,QuickCart,90,2026-05-28,2026-05-27,Delivered
SHP-00185,ORD-00193,R03,QuickCart,88,2026-05-18,2026-05-16,Delivered
SHP-00186,ORD-00194,R04,ParcelRoute,190,2026-05-20,2026-05-17,Delivered
SHP-00187,ORD-00195,R01,QuickCart,86,2026-05-16,2026-05-16,Delivered
SHP-00188,ORD-00196,R02,QuickCart,82,2026-05-28,2026-05-30,Delivered
SHP-00189,ORD-00197,R03,ParcelRoute,80,2026-05-07,2026-05-06,Delivered
SHP-00190,ORD-00198,R04,SwiftShip,162,2026-05-09,2026-05-11,Delivered
SHP-00191,ORD-00199,R01,QuickCart,109,2026-05-28,2026-05-29,Delivered
SHP-00192,ORD-00200,R02,ParcelRoute,94,2026-05-25,2026-05-26,Delivered
SHP-00193,ORD-00201,R03,ParcelRoute,100,2026-05-16,2026-05-18,Delivered
SHP-00194,ORD-00202,R04,SwiftShip,163,2026-05-12,2026-05-13,Delivered
SHP-00195,ORD-00203,R01,ParcelRoute,87,2026-05-15,2026-05-18,Delivered
SHP-00196,ORD-00204,R02,ParcelRoute,94,2026-05-20,2026-05-24,Delivered
SHP-00197,ORD-00205,R03,QuickCart,108,2026-05-18,2026-05-19,Delivered
SHP-00198,ORD-00206,R04,QuickCart,169,2026-05-27,2026-05-28,Delivered
SHP-00199,ORD-00207,R01,SwiftShip,100,2026-05-14,2026-05-19,Delivered
SHP-00200,ORD-00208,R02,ParcelRoute,90,2026-05-14,2026-05-15,Delivered
SHP-00201,ORD-00209,R03,QuickCart,89,2026-05-30,2026-05-31,Delivered
SHP-00202,ORD-00210,R04,QuickCart,179,2026-05-10,2026-05-12,Delivered
SHP-00203,ORD-00211,R01,ParcelRoute,91,2026-05-20,2026-05-21,Delivered
SHP-00204,ORD-00212,R02,SwiftShip,93,2026-05-16,2026-05-17,Delivered
SHP-00205,ORD-00213,R03,QuickCart,103,2026-05-07,2026-05-10,Delivered
SHP-00206,ORD-00214,R04,ParcelRoute,187,2026-05-09,2026-05-11,Delivered
SHP-00207,ORD-00215,R01,SwiftShip,103,2026-06-01,2026-06-02,Delivered
SHP-00208,ORD-00217,R03,SwiftShip,103,2026-05-24,2026-05-22,Delivered
SHP-00209,ORD-00218,R04,QuickCart,184,2026-05-28,2026-05-28,Delivered
SHP-00210,ORD-00219,R01,SwiftShip,107,2026-05-05,2026-05-08,Delivered
SHP-00211,ORD-00220,R02,SwiftShip,95,2026-05-21,2026-05-23,Delivered
SHP-00212,ORD-00221,R03,SwiftShip,79,2026-05-13,2026-05-12,Delivered
SHP-00213,ORD-00222,R04,SwiftShip,201,2026-05-22,2026-05-21,Delivered
SHP-00214,ORD-00223,R01,QuickCart,87,2026-05-22,2026-05-27,Delivered
SHP-00215,ORD-00224,R02,SwiftShip,70,2026-05-26,2026-05-27,Delivered
SHP-00216,ORD-00225,R03,SwiftShip,78,2026-05-22,2026-05-22,Delivered
SHP-00217,ORD-00226,R04,ParcelRoute,178,2026-05-18,2026-05-18,Delivered
SHP-00218,ORD-00227,R01,QuickCart,98,2026-05-22,2026-05-21,Delivered
SHP-00219,ORD-00228,R02,ParcelRoute,92,2026-05-15,2026-05-13,Delivered
SHP-00220,ORD-00229,R03,ParcelRoute,95,2026-05-21,2026-05-21,Delivered
SHP-00221,ORD-00230,R04,ParcelRoute,160,2026-05-09,2026-05-09,Delivered
SHP-00222,ORD-00231,R01,QuickCart,93,2026-05-19,2026-05-19,Delivered
SHP-00223,ORD-00232,R02,ParcelRoute,88,2026-05-26,2026-05-24,Delivered
SHP-00224,ORD-00233,R03,QuickCart,97,2026-06-01,2026-05-29,Delivered
SHP-00225,ORD-00234,R04,QuickCart,191,2026-05-11,2026-05-14,Delivered
SHP-00226,ORD-00235,R01,ParcelRoute,112,2026-05-17,2026-05-17,Delivered
SHP-00227,ORD-00236,R02,SwiftShip,94,2026-05-21,2026-05-21,Delivered
SHP-00228,ORD-00237,R03,QuickCart,76,2026-05-21,2026-05-19,Delivered
SHP-00229,ORD-00238,R04,SwiftShip,197,2026-05-17,2026-05-18,Delivered
SHP-00230,ORD-00239,R01,ParcelRoute,107,2026-05-22,2026-05-22,Delivered
SHP-00231,ORD-00241,R03,SwiftShip,78,2026-05-10,2026-05-10,Delivered
SHP-00232,ORD-00242,R04,QuickCart,184,2026-05-21,2026-05-21,Delivered
SHP-00233,ORD-00243,R01,QuickCart,98,2026-05-14,2026-05-15,Delivered
SHP-00234,ORD-00244,R02,ParcelRoute,97,2026-05-25,2026-05-24,Delivered
SHP-00235,ORD-00245,R03,SwiftShip,82,2026-05-15,2026-05-20,Delivered
SHP-00236,ORD-00246,R04,SwiftShip,163,2026-05-11,2026-05-13,Delivered
SHP-00237,ORD-00247,R01,QuickCart,110,2026-05-08,2026-05-10,Delivered
SHP-00238,ORD-00248,R02,ParcelRoute,80,2026-05-16,2026-05-16,Delivered
SHP-00239,ORD-00249,R03,QuickCart,108,2026-05-06,2026-05-10,Delivered
SHP-00240,ORD-00250,R04,ParcelRoute,186,2026-05-15,2026-05-17,Delivered
SHP-00241,ORD-00251,R01,QuickCart,103,2026-05-21,2026-05-20,Delivered
SHP-00242,ORD-00252,R02,ParcelRoute,77,2026-05-17,2026-05-20,Delivered
SHP-00243,ORD-00253,R03,ParcelRoute,98,2026-05-08,2026-05-05,Delivered
SHP-00244,ORD-00254,R04,SwiftShip,166,2026-05-20,2026-05-21,Delivered
SHP-00245,ORD-00255,R01,QuickCart,91,2026-05-24,2026-05-25,Delivered
SHP-00246,ORD-00256,R02,ParcelRoute,98,2026-05-29,2026-05-30,Delivered
SHP-00247,ORD-00257,R03,QuickCart,88,2026-05-17,2026-05-16,Delivered
SHP-00248,ORD-00258,R04,QuickCart,190,2026-05-08,2026-05-10,Delivered
SHP-00249,ORD-00259,R01,QuickCart,86,2026-05-07,2026-05-10,Delivered
SHP-00250,ORD-00260,R02,QuickCart,70,2026-05-15,2026-05-17,Delivered
SHP-00251,ORD-00261,R03,SwiftShip,102,2026-05-05,2026-05-06,Delivered
SHP-00252,ORD-00262,R04,SwiftShip,201,2026-05-06,2026-05-05,Delivered
SHP-00253,ORD-00263,R01,SwiftShip,97,2026-05-20,2026-05-20,Delivered
SHP-00254,ORD-00265,R03,QuickCart,83,2026-05-17,2026-05-17,Delivered
SHP-00255,ORD-00266,R04,QuickCart,164,2026-05-23,2026-05-22,Delivered
SHP-00256,ORD-00267,R01,QuickCart,89,2026-05-27,2026-05-24,Delivered
SHP-00257,ORD-00268,R02,SwiftShip,80,2026-05-10,2026-05-12,Delivered
SHP-00258,ORD-00269,R03,ParcelRoute,77,2026-05-27,2026-05-25,Delivered
SHP-00259,ORD-00270,R04,ParcelRoute,177,2026-05-09,2026-05-07,Delivered
SHP-00260,ORD-00271,R01,QuickCart,122,2026-05-23,2026-05-26,Delivered
SHP-00261,ORD-00272,R02,QuickCart,83,2026-05-27,2026-05-27,Delivered
SHP-00262,ORD-00273,R03,QuickCart,107,2026-05-22,2026-05-22,Delivered
SHP-00263,ORD-00274,R04,QuickCart,166,2026-05-16,2026-05-16,Delivered
SHP-00264,ORD-00275,R01,SwiftShip,105,2026-05-15,2026-05-17,Delivered
SHP-00265,ORD-00276,R02,QuickCart,82,2026-05-10,2026-05-07,Delivered
SHP-00266,ORD-00277,R03,SwiftShip,87,2026-05-14,2026-05-14,Delivered
SHP-00267,ORD-00278,R04,ParcelRoute,198,2026-05-13,2026-05-11,Delivered
SHP-00268,ORD-00279,R01,QuickCart,107,2026-05-15,2026-05-15,Delivered
SHP-00269,ORD-00280,R02,SwiftShip,71,2026-05-22,2026-05-19,Delivered
SHP-00270,ORD-00281,R03,SwiftShip,92,2026-05-29,2026-05-27,Delivered
SHP-00271,ORD-00282,R04,ParcelRoute,187,2026-05-11,2026-05-09,Delivered
SHP-00272,ORD-00283,R01,ParcelRoute,93,2026-05-16,2026-05-18,Delivered
SHP-00273,ORD-00284,R02,QuickCart,84,2026-05-23,2026-05-23,Delivered
SHP-00274,ORD-00285,R03,ParcelRoute,97,2026-05-14,2026-05-17,Delivered
SHP-00275,ORD-00286,R04,ParcelRoute,171,2026-05-21,2026-05-18,Delivered
SHP-00276,ORD-00287,R01,SwiftShip,82,2026-05-16,2026-05-14,Delivered
SHP-00277,ORD-00289,R03,SwiftShip,87,2026-05-27,2026-05-27,Delivered
SHP-00278,ORD-00290,R04,ParcelRoute,168,2026-05-06,2026-05-08,Delivered
SHP-00279,ORD-00291,R01,ParcelRoute,107,2026-05-24,2026-05-24,Delivered
SHP-00280,ORD-00292,R02,SwiftShip,86,2026-05-12,2026-05-10,Delivered
SHP-00281,ORD-00293,R03,ParcelRoute,90,2026-05-07,2026-05-05,Delivered
SHP-00282,ORD-00294,R04,QuickCart,178,2026-05-30,2026-05-30,Delivered
SHP-00283,ORD-00295,R01,SwiftShip,90,2026-05-27,2026-05-23,Delivered
SHP-00284,ORD-00296,R02,QuickCart,92,2026-05-16,2026-05-20,Delivered
SHP-00285,ORD-00297,R03,SwiftShip,83,2026-05-10,2026-05-09,Delivered
SHP-00286,ORD-00298,R04,SwiftShip,178,2026-05-20,2026-05-22,Delivered
SHP-00287,ORD-00299,R01,QuickCart,101,2026-05-08,2026-05-07,Delivered
SHP-00288,ORD-00300,R02,QuickCart,95,2026-05-12,2026-05-11,Delivered
SHP-00289,ORD-00301,R03,SwiftShip,77,2026-05-31,2026-06-03,Delivered
SHP-00290,ORD-00302,R04,QuickCart,197,2026-05-12,2026-05-12,Delivered
SHP-00291,ORD-00303,R01,ParcelRoute,107,2026-05-24,2026-05-26,Delivered
SHP-00292,ORD-00304,R02,QuickCart,87,2026-05-22,2026-05-23,Delivered
SHP-00293,ORD-00305,R03,ParcelRoute,83,2026-05-27,2026-05-26,Delivered
SHP-00294,ORD-00306,R04,SwiftShip,164,2026-05-21,2026-05-19,Delivered
SHP-00295,ORD-00307,R01,SwiftShip,111,2026-05-27,2026-06-01,Delivered
SHP-00296,ORD-00308,R02,SwiftShip,89,2026-05-18,2026-05-21,Delivered
SHP-00297,ORD-00309,R03,SwiftShip,77,2026-05-11,2026-05-11,Delivered
SHP-00298,ORD-00310,R04,ParcelRoute,177,2026-05-19,2026-05-21,Delivered
SHP-00299,ORD-00311,R01,SwiftShip,102,2026-05-17,2026-05-17,Delivered
SHP-00300,ORD-00313,R03,SwiftShip,115,2026-05-04,2026-05-08,Delivered
SHP-00301,ORD-00314,R04,QuickCart,173,2026-05-14,2026-05-10,Delivered
SHP-00302,ORD-00315,R01,QuickCart,101,2026-05-21,2026-05-23,Delivered
SHP-00303,ORD-00316,R02,SwiftShip,69,2026-05-15,2026-05-17,Delivered
SHP-00304,ORD-00317,R03,SwiftShip,112,2026-05-25,2026-05-21,Delivered
SHP-00305,ORD-00318,R04,ParcelRoute,184,2026-05-09,2026-05-12,Delivered
SHP-00306,ORD-00319,R01,SwiftShip,108,2026-05-05,2026-05-04,Delivered
SHP-00307,ORD-00320,R02,QuickCart,94,2026-05-20,2026-05-21,Delivered
SHP-00308,ORD-00321,R03,QuickCart,90,2026-05-29,2026-05-26,Delivered
SHP-00309,ORD-00322,R04,QuickCart,186,2026-05-21,2026-05-23,Delivered
SHP-00310,ORD-00323,R01,ParcelRoute,82,2026-05-20,2026-05-17,Delivered
SHP-00311,ORD-00324,R02,ParcelRoute,96,2026-05-09,2026-05-09,Delivered
SHP-00312,ORD-00325,R03,SwiftShip,104,2026-05-29,2026-05-28,Delivered
SHP-00313,ORD-00326,R04,ParcelRoute,180,2026-05-05,2026-05-03,Delivered
SHP-00314,ORD-00327,R01,SwiftShip,112,2026-05-28,2026-05-25,Delivered
SHP-00315,ORD-00328,R02,SwiftShip,105,2026-05-11,2026-05-09,Delivered
SHP-00316,ORD-00329,R03,ParcelRoute,103,2026-05-14,2026-05-12,Delivered
SHP-00317,ORD-00330,R04,QuickCart,201,2026-05-17,2026-05-16,Delivered
SHP-00318,ORD-00331,R01,QuickCart,101,2026-05-27,2026-05-28,Delivered
SHP-00319,ORD-00332,R02,SwiftShip,88,2026-05-12,2026-05-12,Delivered
SHP-00320,ORD-00333,R03,QuickCart,84,2026-05-23,2026-05-22,Delivered
SHP-00321,ORD-00334,R04,QuickCart,161,2026-05-25,2026-05-26,Delivered
SHP-00322,ORD-00335,R01,SwiftShip,99,2026-05-05,2026-05-06,Delivered
SHP-00323,ORD-00337,R04,SwiftShip,183,2026-06-18,2026-06-20,Delivered
SHP-00324,ORD-00338,R01,SwiftShip,107,2026-06-20,2026-06-23,Delivered
SHP-00325,ORD-00339,R02,SwiftShip,94,2026-06-06,2026-06-04,Delivered
SHP-00326,ORD-00340,R03,ParcelRoute,91,2026-06-24,2026-06-25,Delivered
SHP-00327,ORD-00341,R04,ParcelRoute,187,2026-06-09,2026-06-10,Delivered
SHP-00328,ORD-00342,R01,QuickCart,101,2026-06-23,2026-06-22,Delivered
SHP-00329,ORD-00343,R02,SwiftShip,84,2026-06-20,2026-06-18,Delivered
SHP-00330,ORD-00344,R03,SwiftShip,82,2026-06-08,2026-06-11,Delivered
SHP-00331,ORD-00345,R04,SwiftShip,162,2026-06-23,2026-06-24,Delivered
SHP-00332,ORD-00346,R01,QuickCart,90,2026-06-08,2026-06-10,Delivered
SHP-00333,ORD-00347,R02,ParcelRoute,94,2026-06-23,2026-06-22,Delivered
SHP-00334,ORD-00348,R03,QuickCart,93,2026-06-22,2026-06-23,Delivered
SHP-00335,ORD-00349,R04,SwiftShip,183,2026-06-25,2026-06-27,Delivered
SHP-00336,ORD-00350,R01,QuickCart,100,2026-06-14,2026-06-18,Delivered
SHP-00337,ORD-00351,R02,QuickCart,71,2026-06-10,2026-06-15,Delivered
SHP-00338,ORD-00352,R03,SwiftShip,105,2026-06-12,2026-06-16,Delivered
SHP-00339,ORD-00353,R04,ParcelRoute,180,2026-06-05,2026-06-08,Delivered
SHP-00340,ORD-00354,R01,SwiftShip,108,2026-06-07,2026-06-09,Delivered
SHP-00341,ORD-00355,R02,ParcelRoute,69,2026-06-16,2026-06-14,Delivered
SHP-00342,ORD-00356,R03,SwiftShip,90,2026-06-28,2026-06-25,Delivered
SHP-00343,ORD-00357,R04,QuickCart,160,2026-06-27,2026-06-24,Delivered
SHP-00344,ORD-00358,R01,QuickCart,82,2026-06-13,2026-06-11,Delivered
SHP-00345,ORD-00359,R02,QuickCart,77,2026-06-20,2026-06-25,Delivered
SHP-00346,ORD-00361,R04,ParcelRoute,168,2026-06-07,2026-06-12,Delivered
SHP-00347,ORD-00362,R01,SwiftShip,85,2026-06-10,2026-06-11,Delivered
SHP-00348,ORD-00363,R02,ParcelRoute,87,2026-06-25,2026-06-25,Delivered
SHP-00349,ORD-00364,R03,QuickCart,107,2026-06-09,2026-06-07,Delivered
SHP-00350,ORD-00365,R04,QuickCart,188,2026-06-18,2026-06-18,Delivered
SHP-00351,ORD-00366,R01,SwiftShip,102,2026-06-27,2026-07-02,Delivered
SHP-00352,ORD-00367,R02,ParcelRoute,75,2026-06-09,2026-06-08,Delivered
SHP-00353,ORD-00368,R03,SwiftShip,101,2026-06-16,2026-06-15,Delivered
SHP-00354,ORD-00369,R04,QuickCart,176,2026-06-12,2026-06-09,Delivered
SHP-00355,ORD-00370,R01,SwiftShip,100,2026-06-26,2026-07-01,Delivered
SHP-00356,ORD-00371,R02,ParcelRoute,113,2026-06-13,2026-06-14,Delivered
SHP-00357,ORD-00372,R03,ParcelRoute,95,2026-06-15,2026-06-13,Delivered
SHP-00358,ORD-00373,R04,SwiftShip,194,2026-06-21,2026-06-18,Delivered
SHP-00359,ORD-00374,R01,QuickCart,100,2026-06-11,2026-06-09,Delivered
SHP-00360,ORD-00375,R02,QuickCart,84,2026-06-19,2026-06-18,Delivered
SHP-00361,ORD-00376,R03,SwiftShip,99,2026-06-23,2026-06-27,Delivered
SHP-00362,ORD-00377,R04,QuickCart,185,2026-06-12,2026-06-13,Delivered
SHP-00363,ORD-00378,R01,SwiftShip,84,2026-06-21,2026-06-25,Delivered
SHP-00364,ORD-00379,R02,ParcelRoute,96,2026-06-06,2026-06-06,Delivered
SHP-00365,ORD-00380,R03,ParcelRoute,110,2026-06-08,2026-06-09,Delivered
SHP-00366,ORD-00381,R04,ParcelRoute,203,2026-06-17,2026-06-16,Delivered
SHP-00367,ORD-00382,R01,SwiftShip,95,2026-06-23,2026-06-23,Delivered
SHP-00368,ORD-00383,R02,ParcelRoute,76,2026-06-29,2026-06-25,Delivered
SHP-00369,ORD-00385,R04,QuickCart,185,2026-06-16,2026-06-18,Delivered
SHP-00370,ORD-00386,R01,ParcelRoute,109,2026-06-17,2026-06-19,Delivered
SHP-00371,ORD-00387,R02,QuickCart,77,2026-06-25,2026-06-27,Delivered
SHP-00372,ORD-00388,R03,SwiftShip,87,2026-06-28,2026-07-02,Delivered
SHP-00373,ORD-00389,R04,ParcelRoute,172,2026-06-25,2026-06-24,Delivered
SHP-00374,ORD-00390,R01,SwiftShip,110,2026-06-17,2026-06-20,Delivered
SHP-00375,ORD-00391,R02,QuickCart,97,2026-06-29,2026-07-01,Delivered
SHP-00376,ORD-00392,R03,ParcelRoute,108,2026-06-16,2026-06-12,Delivered
SHP-00377,ORD-00393,R04,ParcelRoute,188,2026-06-09,2026-06-12,Delivered
SHP-00378,ORD-00394,R01,SwiftShip,95,2026-06-23,2026-06-24,Delivered
SHP-00379,ORD-00395,R02,ParcelRoute,91,2026-06-23,2026-06-26,Delivered
SHP-00380,ORD-00396,R03,SwiftShip,81,2026-06-15,2026-06-14,Delivered
SHP-00381,ORD-00397,R04,QuickCart,176,2026-06-22,2026-06-24,Delivered
SHP-00382,ORD-00398,R01,ParcelRoute,107,2026-06-10,2026-06-06,Delivered
SHP-00383,ORD-00399,R02,ParcelRoute,88,2026-06-09,2026-06-09,Delivered
SHP-00384,ORD-00400,R03,SwiftShip,78,2026-06-18,2026-06-22,Delivered
SHP-00385,ORD-00401,R04,ParcelRoute,188,2026-06-14,2026-06-18,Delivered
SHP-00386,ORD-00402,R01,SwiftShip,108,2026-06-20,2026-06-20,Delivered
SHP-00387,ORD-00403,R02,SwiftShip,107,2026-06-13,2026-06-15,Delivered
SHP-00388,ORD-00404,R03,ParcelRoute,106,2026-06-23,2026-06-24,Delivered
SHP-00389,ORD-00405,R04,QuickCart,184,2026-06-30,2026-07-02,Delivered
SHP-00390,ORD-00406,R01,QuickCart,109,2026-06-15,2026-06-15,Delivered
SHP-00391,ORD-00407,R02,QuickCart,85,2026-06-25,2026-06-24,Delivered
SHP-00392,ORD-00409,R04,ParcelRoute,188,2026-06-27,2026-06-27,Delivered
SHP-00393,ORD-00410,R01,ParcelRoute,107,2026-06-27,2026-06-25,Delivered
SHP-00394,ORD-00411,R02,QuickCart,74,2026-06-08,2026-06-10,Delivered
SHP-00395,ORD-00412,R03,SwiftShip,105,2026-06-12,2026-06-11,Delivered
SHP-00396,ORD-00413,R04,ParcelRoute,173,2026-06-04,2026-06-05,Delivered
SHP-00397,ORD-00414,R01,SwiftShip,118,2026-06-26,2026-07-01,Delivered
SHP-00398,ORD-00415,R02,QuickCart,79,2026-06-26,2026-06-24,Delivered
SHP-00399,ORD-00416,R03,SwiftShip,88,2026-06-07,2026-06-08,Delivered
SHP-00400,ORD-00417,R04,ParcelRoute,165,2026-07-02,2026-06-30,Delivered
SHP-00401,ORD-00418,R01,QuickCart,103,2026-06-17,2026-06-14,Delivered
SHP-00402,ORD-00419,R02,QuickCart,87,2026-06-30,2026-07-01,Delivered
SHP-00403,ORD-00420,R03,QuickCart,90,2026-06-23,2026-06-27,Delivered
SHP-00404,ORD-00421,R04,ParcelRoute,163,2026-06-20,2026-06-21,Delivered
SHP-00405,ORD-00422,R01,ParcelRoute,101,2026-06-20,2026-06-18,Delivered
SHP-00406,ORD-00423,R02,SwiftShip,85,2026-06-06,2026-06-09,Delivered
SHP-00407,ORD-00424,R03,QuickCart,86,2026-06-11,2026-06-12,Delivered
SHP-00408,ORD-00425,R04,SwiftShip,191,2026-06-15,2026-06-18,Delivered
SHP-00409,ORD-00426,R01,QuickCart,100,2026-06-12,2026-06-14,Delivered
SHP-00410,ORD-00427,R02,SwiftShip,77,2026-06-07,2026-06-07,Delivered
SHP-00411,ORD-00428,R03,ParcelRoute,89,2026-06-08,2026-06-10,Delivered
SHP-00412,ORD-00429,R04,SwiftShip,185,2026-07-01,2026-06-30,Delivered
SHP-00413,ORD-00430,R01,SwiftShip,92,2026-06-25,2026-06-24,Delivered
SHP-00414,ORD-00431,R02,SwiftShip,98,2026-06-20,2026-06-22,Delivered
SHP-00415,ORD-00433,R04,QuickCart,158,2026-07-03,2026-06-30,Delivered
SHP-00416,ORD-00434,R01,ParcelRoute,90,2026-06-25,2026-06-25,Delivered
SHP-00417,ORD-00435,R02,QuickCart,84,2026-07-01,2026-07-01,Delivered
SHP-00418,ORD-00436,R03,SwiftShip,87,2026-06-12,2026-06-10,Delivered
SHP-00419,ORD-00437,R04,ParcelRoute,192,2026-06-22,2026-06-24,Delivered
SHP-00420,ORD-00438,R01,ParcelRoute,110,2026-06-10,2026-06-07,Delivered
SHP-00421,ORD-00439,R02,ParcelRoute,79,2026-06-13,2026-06-11,Delivered
SHP-00422,ORD-00440,R03,QuickCart,114,2026-06-07,2026-06-07,Delivered
SHP-00423,ORD-00441,R04,SwiftShip,190,2026-06-12,2026-06-09,Delivered
SHP-00424,ORD-00442,R01,SwiftShip,88,2026-06-26,2026-06-22,Delivered
SHP-00425,ORD-00443,R02,QuickCart,89,2026-06-28,2026-06-30,Delivered
SHP-00426,ORD-00444,R03,SwiftShip,94,2026-06-27,2026-06-26,Delivered
SHP-00427,ORD-00445,R04,SwiftShip,187,2026-06-28,2026-06-27,Delivered
SHP-00428,ORD-00446,R01,SwiftShip,96,2026-06-30,2026-07-04,Delivered
SHP-00429,ORD-00447,R02,ParcelRoute,88,2026-06-27,2026-06-26,Delivered
SHP-00430,ORD-00448,R03,QuickCart,102,2026-06-07,2026-06-09,Delivered
SHP-00431,ORD-00449,R04,SwiftShip,170,2026-06-13,2026-06-13,Delivered
SHP-00432,ORD-00450,R01,ParcelRoute,101,2026-06-10,2026-06-10,Delivered
SHP-00433,ORD-00451,R02,SwiftShip,98,2026-06-30,2026-06-28,Delivered
SHP-00434,ORD-00452,R03,SwiftShip,94,2026-06-18,2026-06-18,Delivered
SHP-00435,ORD-00453,R04,ParcelRoute,198,2026-06-20,2026-06-23,Delivered
SHP-00436,ORD-00454,R01,SwiftShip,109,2026-06-21,2026-06-22,Delivered
SHP-00437,ORD-00455,R02,QuickCart,71,2026-06-23,2026-06-26,Delivered
SHP-00438,ORD-00457,R04,SwiftShip,167,2026-06-15,2026-06-16,Delivered
SHP-00439,ORD-00458,R01,SwiftShip,88,2026-06-12,2026-06-08,Delivered
SHP-00440,ORD-00459,R02,ParcelRoute,98,2026-06-27,2026-06-26,Delivered
SHP-00441,ORD-00460,R03,SwiftShip,95,2026-06-19,2026-06-21,Delivered
SHP-00442,ORD-00461,R04,SwiftShip,185,2026-06-25,2026-06-25,Delivered
SHP-00443,ORD-00462,R01,SwiftShip,98,2026-06-29,2026-06-28,Delivered
SHP-00444,ORD-00463,R02,ParcelRoute,100,2026-06-13,2026-06-14,Delivered
SHP-00445,ORD-00464,R03,ParcelRoute,76,2026-06-29,2026-06-26,Delivered
SHP-00446,ORD-00465,R04,QuickCart,189,2026-06-08,2026-06-11,Delivered
SHP-00447,ORD-00466,R01,QuickCart,111,2026-06-15,2026-06-11,Delivered
SHP-00448,ORD-00467,R02,SwiftShip,85,2026-06-21,2026-06-23,Delivered
SHP-00449,ORD-00468,R03,QuickCart,89,2026-06-23,2026-06-23,Delivered
SHP-00450,ORD-00469,R04,SwiftShip,164,2026-06-26,2026-06-28,Delivered
SHP-00451,ORD-00470,R01,ParcelRoute,100,2026-07-01,2026-07-01,Delivered
SHP-00452,ORD-00471,R02,SwiftShip,71,2026-06-21,2026-06-19,Delivered
SHP-00453,ORD-00472,R03,SwiftShip,103,2026-06-11,2026-06-10,Delivered
SHP-00454,ORD-00473,R04,SwiftShip,179,2026-06-24,2026-06-28,Delivered
SHP-00455,ORD-00474,R01,ParcelRoute,92,2026-06-10,2026-06-09,Delivered
SHP-00456,ORD-00475,R02,SwiftShip,78,2026-06-17,2026-06-19,Delivered
SHP-00457,ORD-00476,R03,SwiftShip,90,2026-06-15,2026-06-13,Delivered
SHP-00458,ORD-00477,R04,QuickCart,181,2026-06-24,2026-06-25,Delivered
SHP-00459,ORD-00478,R01,SwiftShip,88,2026-06-17,2026-06-16,Delivered
SHP-00460,ORD-00479,R02,QuickCart,80,2026-06-21,2026-06-24,Delivered
SHP-00461,ORD-00481,R04,SwiftShip,172,2026-06-29,2026-07-03,Delivered
SHP-00462,ORD-00482,R01,QuickCart,125,2026-06-29,2026-07-02,Delivered
SHP-00463,ORD-00483,R02,QuickCart,91,2026-06-10,2026-06-12,Delivered
SHP-00464,ORD-00484,R03,QuickCart,107,2026-06-13,2026-06-17,Delivered
SHP-00465,ORD-00485,R04,ParcelRoute,175,2026-07-02,2026-06-29,Delivered
SHP-00466,ORD-00486,R01,QuickCart,92,2026-06-05,2026-06-08,Delivered
SHP-00467,ORD-00487,R02,QuickCart,87,2026-06-10,2026-06-09,Delivered
SHP-00468,ORD-00488,R03,QuickCart,109,2026-06-10,2026-06-09,Delivered
SHP-00469,ORD-00489,R04,ParcelRoute,185,2026-06-28,2026-06-24,Delivered
SHP-00470,ORD-00490,R01,ParcelRoute,85,2026-06-05,2026-06-07,Delivered
SHP-00471,ORD-00491,R02,ParcelRoute,83,2026-06-13,2026-06-10,Delivered
SHP-00472,ORD-00492,R03,ParcelRoute,106,2026-06-14,2026-06-12,Delivered
SHP-00473,ORD-00493,R04,QuickCart,167,2026-06-14,2026-06-17,Delivered
SHP-00474,ORD-00494,R01,QuickCart,90,2026-06-05,2026-06-06,Delivered
SHP-00475,ORD-00495,R02,QuickCart,81,2026-06-28,2026-06-25,Delivered
SHP-00476,ORD-00496,R03,QuickCart,97,2026-06-12,2026-06-14,Delivered
SHP-00477,ORD-00497,R04,ParcelRoute,184,2026-06-24,2026-06-26,Delivered
SHP-00478,ORD-00498,R01,QuickCart,97,2026-06-23,2026-06-23,Delivered
SHP-00479,ORD-00499,R02,SwiftShip,93,2026-06-26,2026-06-28,Delivered
SHP-00480,ORD-00500,R03,SwiftShip,82,2026-06-27,2026-06-29,Delivered
SHP-00481,ORD-00501,R04,ParcelRoute,193,2026-06-27,2026-06-30,Delivered
SHP-00482,ORD-00502,R01,QuickCart,84,2026-06-22,2026-06-23,Delivered
SHP-00483,ORD-00503,R02,ParcelRoute,74,2026-06-10,2026-06-08,Delivered
SHP-00484,ORD-00505,R04,QuickCart,188,2026-06-27,2026-06-26,Delivered
SHP-00485,ORD-00506,R01,QuickCart,102,2026-06-10,2026-06-10,Delivered
SHP-00486,ORD-00507,R02,ParcelRoute,100,2026-06-05,2026-06-07,Delivered
SHP-00487,ORD-00508,R03,QuickCart,76,2026-06-08,2026-06-07,Delivered
SHP-00488,ORD-00509,R04,SwiftShip,195,2026-06-11,2026-06-10,Delivered
SHP-00489,ORD-00510,R01,ParcelRoute,91,2026-06-26,2026-06-26,Delivered
SHP-00490,ORD-00511,R02,QuickCart,86,2026-06-23,2026-06-27,Delivered
SHP-00491,ORD-00512,R03,QuickCart,87,2026-07-02,2026-07-03,Delivered
SHP-00492,ORD-00513,R04,QuickCart,204,2026-06-23,2026-06-22,Delivered
SHP-00493,ORD-00514,R01,ParcelRoute,85,2026-06-26,2026-06-28,Delivered
SHP-00494,ORD-00515,R02,QuickCart,80,2026-06-30,2026-07-03,Delivered
SHP-00495,ORD-00516,R03,ParcelRoute,95,2026-06-22,2026-06-22,Delivered
SHP-00496,ORD-00517,R04,ParcelRoute,178,2026-06-13,2026-06-12,Delivered
SHP-00497,ORD-00518,R01,ParcelRoute,91,2026-06-18,2026-06-23,Delivered
SHP-00498,ORD-00519,R02,ParcelRoute,93,2026-06-13,2026-06-13,Delivered
SHP-00499,ORD-00520,R03,ParcelRoute,88,2026-07-03,2026-07-04,Delivered
SHP-00500,ORD-00521,R04,ParcelRoute,176,2026-06-10,2026-06-14,Delivered
SHP-00501,ORD-00522,R01,SwiftShip,100,2026-06-05,2026-06-08,Delivered
SHP-00502,ORD-00523,R02,ParcelRoute,79,2026-06-11,2026-06-13,Delivered
SHP-00503,ORD-00524,R03,ParcelRoute,76,2026-06-13,2026-06-16,Delivered
SHP-00504,ORD-00525,R04,QuickCart,162,2026-07-02,2026-07-05,Delivered
SHP-00505,ORD-00526,R02,SwiftShip,90,2026-07-08,2026-07-10,Delivered
SHP-00506,ORD-00527,R03,ParcelRoute,100,2026-07-16,2026-07-13,Delivered
SHP-00507,ORD-00529,R01,ParcelRoute,85,2026-07-26,2026-07-27,Delivered
SHP-00508,ORD-00530,R02,SwiftShip,80,2026-07-11,2026-07-07,Delivered
SHP-00509,ORD-00531,R03,ParcelRoute,94,2026-07-16,2026-07-15,Delivered
SHP-00510,ORD-00532,R04,SwiftShip,188,2026-07-15,2026-07-13,Delivered
SHP-00511,ORD-00533,R01,QuickCart,107,2026-07-14,2026-07-19,Delivered
SHP-00512,ORD-00534,R02,ParcelRoute,87,2026-07-31,2026-07-29,Delivered
SHP-00513,ORD-00535,R03,ParcelRoute,104,2026-07-10,2026-07-07,Delivered
SHP-00514,ORD-00536,R04,QuickCart,186,2026-07-26,2026-07-25,Delivered
SHP-00515,ORD-00537,R01,SwiftShip,90,2026-07-31,2026-07-31,Delivered
SHP-00516,ORD-00538,R02,QuickCart,77,2026-07-19,2026-07-23,Delivered
SHP-00517,ORD-00539,R03,QuickCart,103,2026-07-11,2026-07-09,Delivered
SHP-00518,ORD-00540,R04,ParcelRoute,188,2026-07-16,2026-07-20,Delivered
SHP-00519,ORD-00541,R01,SwiftShip,92,2026-07-05,2026-07-08,Delivered
SHP-00520,ORD-00542,R02,SwiftShip,82,2026-07-12,2026-07-12,Delivered
SHP-00521,ORD-00543,R03,QuickCart,95,2026-07-23,2026-07-23,Delivered
SHP-00522,ORD-00544,R04,QuickCart,202,2026-07-18,2026-07-22,Delivered
SHP-00523,ORD-00545,R01,SwiftShip,85,2026-07-20,2026-07-20,Delivered
SHP-00524,ORD-00546,R02,ParcelRoute,75,2026-07-28,2026-07-29,Delivered
SHP-00525,ORD-00547,R03,QuickCart,123,2026-07-16,2026-07-13,Delivered
SHP-00526,ORD-00548,R04,QuickCart,174,2026-07-20,2026-07-21,Delivered
SHP-00527,ORD-00549,R01,ParcelRoute,88,2026-07-28,2026-07-30,Delivered
SHP-00528,ORD-00550,R02,ParcelRoute,100,2026-07-23,2026-07-24,Delivered
SHP-00529,ORD-00551,R03,QuickCart,77,2026-07-31,2026-08-02,Delivered
SHP-00530,ORD-00553,R01,ParcelRoute,98,2026-07-10,2026-07-13,Delivered
SHP-00531,ORD-00554,R02,SwiftShip,75,2026-07-07,2026-07-04,Delivered
SHP-00532,ORD-00555,R03,ParcelRoute,120,2026-07-11,2026-07-12,Delivered
SHP-00533,ORD-00556,R04,SwiftShip,167,2026-07-26,2026-07-29,Delivered
SHP-00534,ORD-00557,R01,QuickCart,131,2026-07-27,2026-07-27,Delivered
SHP-00535,ORD-00558,R02,QuickCart,84,2026-07-27,2026-07-25,Delivered
SHP-00536,ORD-00559,R03,ParcelRoute,102,2026-07-10,2026-07-11,Delivered
SHP-00537,ORD-00560,R04,ParcelRoute,182,2026-08-01,2026-07-31,Delivered
SHP-00538,ORD-00561,R01,QuickCart,90,2026-07-25,2026-07-27,Delivered
SHP-00539,ORD-00562,R02,ParcelRoute,69,2026-07-17,2026-07-21,Delivered
SHP-00540,ORD-00563,R03,QuickCart,91,2026-07-07,2026-07-10,Delivered
SHP-00541,ORD-00564,R04,ParcelRoute,161,2026-07-19,2026-07-18,Delivered
SHP-00542,ORD-00565,R01,SwiftShip,102,2026-07-10,2026-07-12,Delivered
SHP-00543,ORD-00566,R02,ParcelRoute,79,2026-07-17,2026-07-18,Delivered
SHP-00544,ORD-00567,R03,QuickCart,98,2026-07-15,2026-07-20,Delivered
SHP-00545,ORD-00568,R04,ParcelRoute,189,2026-07-14,2026-07-18,Delivered
SHP-00546,ORD-00569,R01,SwiftShip,107,2026-07-16,2026-07-13,Delivered
SHP-00547,ORD-00570,R02,SwiftShip,78,2026-07-11,2026-07-13,Delivered
SHP-00548,ORD-00571,R03,QuickCart,77,2026-08-01,2026-07-30,Delivered
SHP-00549,ORD-00572,R04,SwiftShip,186,2026-07-13,2026-07-14,Delivered
SHP-00550,ORD-00573,R01,ParcelRoute,104,2026-07-12,2026-07-14,Delivered
SHP-00551,ORD-00574,R02,SwiftShip,96,2026-07-04,2026-07-07,Delivered
SHP-00552,ORD-00575,R03,QuickCart,78,2026-07-21,2026-07-23,Delivered
SHP-00553,ORD-00577,R01,QuickCart,83,2026-07-06,2026-07-09,Delivered
SHP-00554,ORD-00578,R02,QuickCart,87,2026-07-20,2026-07-25,Delivered
SHP-00555,ORD-00579,R03,QuickCart,95,2026-07-11,2026-07-13,Delivered
SHP-00556,ORD-00580,R04,QuickCart,187,2026-07-11,2026-07-11,Delivered
SHP-00557,ORD-00581,R01,ParcelRoute,95,2026-07-17,2026-07-15,Delivered
SHP-00558,ORD-00582,R02,QuickCart,113,2026-07-30,2026-08-01,Delivered
SHP-00559,ORD-00583,R03,QuickCart,90,2026-07-18,2026-07-20,Delivered
SHP-00560,ORD-00584,R04,QuickCart,179,2026-07-11,2026-07-13,Delivered
SHP-00561,ORD-00585,R01,QuickCart,96,2026-07-24,2026-07-21,Delivered
SHP-00562,ORD-00586,R02,SwiftShip,94,2026-07-27,2026-07-25,Delivered
SHP-00563,ORD-00587,R03,ParcelRoute,92,2026-07-19,2026-07-22,Delivered
SHP-00564,ORD-00588,R04,ParcelRoute,166,2026-07-24,2026-07-26,Delivered
SHP-00565,ORD-00589,R01,SwiftShip,98,2026-07-22,2026-07-19,Delivered
SHP-00566,ORD-00590,R02,SwiftShip,72,2026-07-14,2026-07-17,Delivered
SHP-00567,ORD-00591,R03,ParcelRoute,107,2026-07-18,2026-07-17,Delivered
SHP-00568,ORD-00592,R04,ParcelRoute,189,2026-07-28,2026-07-26,Delivered
SHP-00569,ORD-00593,R01,QuickCart,82,2026-07-30,2026-07-29,Delivered
SHP-00570,ORD-00594,R02,SwiftShip,93,2026-07-27,2026-07-23,Delivered
SHP-00571,ORD-00595,R03,ParcelRoute,100,2026-07-11,2026-07-13,Delivered
SHP-00572,ORD-00596,R04,ParcelRoute,168,2026-07-11,2026-07-08,Delivered
SHP-00573,ORD-00597,R01,QuickCart,88,2026-07-16,2026-07-20,Delivered
SHP-00574,ORD-00598,R02,ParcelRoute,78,2026-07-16,2026-07-12,Delivered
SHP-00575,ORD-00599,R03,SwiftShip,84,2026-07-18,2026-07-21,Delivered
SHP-00576,ORD-00601,R01,ParcelRoute,111,2026-07-26,2026-07-25,Delivered
SHP-00577,ORD-00602,R02,ParcelRoute,88,2026-07-25,2026-07-26,Delivered
SHP-00578,ORD-00603,R03,ParcelRoute,97,2026-07-11,2026-07-09,Delivered
SHP-00579,ORD-00604,R04,QuickCart,180,2026-07-06,2026-07-05,Delivered
SHP-00580,ORD-00605,R01,SwiftShip,90,2026-07-18,2026-07-17,Delivered
SHP-00581,ORD-00606,R02,SwiftShip,77,2026-07-17,2026-07-13,Delivered
SHP-00582,ORD-00607,R03,ParcelRoute,84,2026-07-06,2026-07-04,Delivered
SHP-00583,ORD-00608,R04,QuickCart,160,2026-07-29,2026-07-28,Delivered
SHP-00584,ORD-00609,R01,ParcelRoute,106,2026-07-13,2026-07-15,Delivered
SHP-00585,ORD-00610,R02,ParcelRoute,88,2026-07-29,2026-07-31,Delivered
SHP-00586,ORD-00611,R03,SwiftShip,77,2026-07-14,2026-07-13,Delivered
SHP-00587,ORD-00612,R04,QuickCart,206,2026-07-09,2026-07-07,Delivered
SHP-00588,ORD-00613,R01,QuickCart,103,2026-07-30,2026-08-01,Delivered
SHP-00589,ORD-00614,R02,QuickCart,89,2026-07-22,2026-07-20,Delivered
SHP-00590,ORD-00615,R03,SwiftShip,82,2026-07-25,2026-07-23,Delivered
SHP-00591,ORD-00616,R04,QuickCart,187,2026-07-18,2026-07-18,Delivered
SHP-00592,ORD-00617,R01,QuickCart,110,2026-07-18,2026-07-19,Delivered
SHP-00593,ORD-00618,R02,QuickCart,70,2026-07-12,2026-07-16,Delivered
SHP-00594,ORD-00619,R03,SwiftShip,94,2026-07-05,2026-07-10,Delivered
SHP-00595,ORD-00620,R04,ParcelRoute,168,2026-07-16,2026-07-19,Delivered
SHP-00596,ORD-00621,R01,ParcelRoute,100,2026-07-09,2026-07-08,Delivered
SHP-00597,ORD-00622,R02,SwiftShip,100,2026-07-10,2026-07-06,Delivered
SHP-00598,ORD-00623,R03,ParcelRoute,81,2026-07-15,2026-07-19,Delivered
SHP-00599,ORD-00625,R01,QuickCart,95,2026-07-10,2026-07-10,Delivered
SHP-00600,ORD-00626,R02,SwiftShip,94,2026-07-24,2026-07-27,Delivered
SHP-00601,ORD-00627,R03,QuickCart,107,2026-07-16,2026-07-19,Delivered
SHP-00602,ORD-00628,R04,QuickCart,163,2026-07-31,2026-07-31,Delivered
SHP-00603,ORD-00629,R01,SwiftShip,109,2026-07-21,2026-07-20,Delivered
SHP-00604,ORD-00630,R02,QuickCart,70,2026-07-13,2026-07-16,Delivered
SHP-00605,ORD-00631,R03,ParcelRoute,79,2026-07-11,2026-07-08,Delivered
SHP-00606,ORD-00632,R04,QuickCart,172,2026-07-22,2026-07-23,Delivered
SHP-00607,ORD-00633,R01,ParcelRoute,105,2026-07-10,2026-07-12,Delivered
SHP-00608,ORD-00634,R02,SwiftShip,91,2026-07-21,2026-07-23,Delivered
SHP-00609,ORD-00635,R03,SwiftShip,98,2026-07-08,2026-07-05,Delivered
SHP-00610,ORD-00636,R04,ParcelRoute,183,2026-07-20,2026-07-22,Delivered
SHP-00611,ORD-00637,R01,ParcelRoute,101,2026-07-26,2026-07-25,Delivered
SHP-00612,ORD-00638,R02,ParcelRoute,98,2026-07-08,2026-07-08,Delivered
SHP-00613,ORD-00639,R03,SwiftShip,93,2026-07-14,2026-07-11,Delivered
SHP-00614,ORD-00640,R04,ParcelRoute,167,2026-08-01,2026-08-02,Delivered
SHP-00615,ORD-00641,R01,ParcelRoute,96,2026-07-22,2026-07-21,Delivered
SHP-00616,ORD-00642,R02,ParcelRoute,87,2026-07-12,2026-07-11,Delivered
SHP-00617,ORD-00643,R03,ParcelRoute,105,2026-07-11,2026-07-12,Delivered
SHP-00618,ORD-00644,R04,SwiftShip,189,2026-07-11,2026-07-07,Delivered
SHP-00619,ORD-00645,R01,QuickCart,93,2026-07-28,2026-07-26,Delivered
SHP-00620,ORD-00646,R02,SwiftShip,94,2026-07-26,2026-07-26,Delivered
SHP-00621,ORD-00647,R03,SwiftShip,93,2026-07-06,2026-07-06,Delivered
SHP-00622,ORD-00649,R01,SwiftShip,89,2026-07-05,2026-07-09,Delivered
SHP-00623,ORD-00650,R02,QuickCart,89,2026-07-14,2026-07-17,Delivered
SHP-00624,ORD-00651,R03,ParcelRoute,93,2026-07-15,2026-07-13,Delivered
SHP-00625,ORD-00652,R04,ParcelRoute,180,2026-07-27,2026-07-29,Delivered
SHP-00626,ORD-00653,R01,QuickCart,94,2026-07-09,2026-07-11,Delivered
SHP-00627,ORD-00654,R02,QuickCart,71,2026-07-14,2026-07-16,Delivered
SHP-00628,ORD-00655,R03,QuickCart,100,2026-07-19,2026-07-24,Delivered
SHP-00629,ORD-00656,R04,SwiftShip,178,2026-07-20,2026-07-21,Delivered
SHP-00630,ORD-00657,R01,SwiftShip,112,2026-07-08,2026-07-07,Delivered
SHP-00631,ORD-00658,R02,QuickCart,93,2026-07-27,2026-07-26,Delivered
SHP-00632,ORD-00659,R03,SwiftShip,96,2026-07-07,2026-07-08,Delivered
SHP-00633,ORD-00660,R04,QuickCart,188,2026-07-25,2026-07-26,Delivered
SHP-00634,ORD-00661,R01,ParcelRoute,104,2026-07-06,2026-07-11,Delivered
SHP-00635,ORD-00662,R02,SwiftShip,86,2026-07-23,2026-07-26,Delivered
SHP-00636,ORD-00663,R03,ParcelRoute,83,2026-07-20,2026-07-22,Delivered
SHP-00637,ORD-00664,R04,SwiftShip,161,2026-07-10,2026-07-07,Delivered
SHP-00638,ORD-00665,R01,SwiftShip,98,2026-07-08,2026-07-09,Delivered
SHP-00639,ORD-00666,R02,SwiftShip,82,2026-07-08,2026-07-08,Delivered
SHP-00640,ORD-00667,R03,ParcelRoute,101,2026-07-20,2026-07-24,Delivered
SHP-00641,ORD-00668,R04,SwiftShip,192,2026-07-28,2026-07-24,Delivered
SHP-00642,ORD-00669,R01,QuickCart,101,2026-07-12,2026-07-14,Delivered
SHP-00643,ORD-00670,R02,QuickCart,117,2026-07-13,2026-07-14,Delivered
SHP-00644,ORD-00671,R03,SwiftShip,79,2026-07-06,2026-07-09,Delivered
SHP-00645,ORD-00673,R01,SwiftShip,99,2026-07-16,2026-07-18,Delivered
SHP-00646,ORD-00674,R02,QuickCart,93,2026-07-28,2026-07-28,Delivered
SHP-00647,ORD-00675,R03,QuickCart,101,2026-07-07,2026-07-11,Delivered
SHP-00648,ORD-00676,R04,ParcelRoute,170,2026-07-14,2026-07-18,Delivered
SHP-00649,ORD-00677,R01,ParcelRoute,118,2026-07-12,2026-07-09,Delivered
SHP-00650,ORD-00678,R02,ParcelRoute,69,2026-08-02,2026-08-01,Delivered
SHP-00651,ORD-00679,R03,ParcelRoute,124,2026-07-20,2026-07-22,Delivered
SHP-00652,ORD-00680,R04,QuickCart,188,2026-07-23,2026-07-21,Delivered
SHP-00653,ORD-00681,R01,SwiftShip,92,2026-07-30,2026-07-31,Delivered
SHP-00654,ORD-00682,R02,SwiftShip,81,2026-07-10,2026-07-13,Delivered
SHP-00655,ORD-00683,R03,QuickCart,106,2026-07-11,2026-07-08,Delivered
SHP-00656,ORD-00684,R04,QuickCart,188,2026-07-15,2026-07-15,Delivered
SHP-00657,ORD-00685,R01,QuickCart,113,2026-07-09,2026-07-07,Delivered
SHP-00658,ORD-00686,R02,ParcelRoute,104,2026-07-20,2026-07-19,Delivered
SHP-00659,ORD-00687,R03,QuickCart,105,2026-07-09,2026-07-11,Delivered
SHP-00660,ORD-00688,R04,QuickCart,173,2026-07-29,2026-07-29,Delivered
SHP-00661,ORD-00689,R01,ParcelRoute,83,2026-07-09,2026-07-10,Delivered
SHP-00662,ORD-00690,R02,QuickCart,79,2026-07-21,2026-07-20,Delivered
SHP-00663,ORD-00691,R03,QuickCart,84,2026-08-02,2026-07-30,Delivered
SHP-00664,ORD-00692,R04,ParcelRoute,187,2026-07-25,2026-07-30,Delivered
SHP-00665,ORD-00693,R01,SwiftShip,97,2026-07-27,2026-07-31,Delivered
SHP-00666,ORD-00694,R02,QuickCart,100,2026-07-20,2026-07-20,Delivered
SHP-00667,ORD-00695,R03,ParcelRoute,99,2026-07-21,2026-07-17,Delivered
SHP-00668,ORD-00697,R01,QuickCart,88,2026-07-27,2026-07-29,Delivered
SHP-00669,ORD-00698,R02,SwiftShip,82,2026-07-15,2026-07-15,Delivered
SHP-00670,ORD-00699,R03,QuickCart,85,2026-07-31,2026-07-30,Delivered
SHP-00671,ORD-00700,R04,ParcelRoute,190,2026-07-13,2026-07-11,Delivered
SHP-00672,ORD-00701,R01,SwiftShip,89,2026-07-18,2026-07-17,Delivered
SHP-00673,ORD-00702,R02,QuickCart,81,2026-07-10,2026-07-10,Delivered
SHP-00674,ORD-00703,R03,ParcelRoute,93,2026-08-02,2026-07-30,Delivered
SHP-00675,ORD-00704,R04,QuickCart,179,2026-07-17,2026-07-17,Delivered
SHP-00676,ORD-00705,R01,ParcelRoute,97,2026-07-06,2026-07-06,Delivered
SHP-00677,ORD-00706,R02,QuickCart,74,2026-07-26,2026-07-29,Delivered
SHP-00678,ORD-00707,R03,SwiftShip,86,2026-07-31,2026-07-30,Delivered
SHP-00679,ORD-00708,R04,QuickCart,178,2026-07-28,2026-07-29,Delivered
SHP-00680,ORD-00709,R01,QuickCart,90,2026-07-13,2026-07-10,Delivered
SHP-00681,ORD-00710,R02,QuickCart,111,2026-07-11,2026-07-10,Delivered
SHP-00682,ORD-00711,R03,ParcelRoute,84,2026-07-22,2026-07-19,Delivered
SHP-00683,ORD-00712,R04,SwiftShip,196,2026-07-05,2026-07-04,Delivered
SHP-00684,ORD-00713,R01,QuickCart,105,2026-07-06,2026-07-05,Delivered
SHP-00685,ORD-00714,R02,ParcelRoute,72,2026-07-10,2026-07-08,Delivered
SHP-00686,ORD-00715,R03,ParcelRoute,90,2026-07-27,2026-07-29,Delivered
SHP-00687,ORD-00716,R04,ParcelRoute,174,2026-07-08,2026-07-06,Delivered
SHP-00688,ORD-00717,R01,ParcelRoute,104,2026-07-20,2026-07-21,Delivered
SHP-00689,ORD-00718,R02,SwiftShip,77,2026-07-17,2026-07-19,Delivered
SHP-00690,ORD-00719,R03,SwiftShip,85,2026-07-06,2026-07-09,Delivered
SHP-00691,ORD-00721,R01,ParcelRoute,82,2026-07-08,2026-07-08,Delivered
SHP-00692,ORD-00722,R02,ParcelRoute,91,2026-07-19,2026-07-23,Delivered
SHP-00693,ORD-00723,R03,SwiftShip,86,2026-07-20,2026-07-20,Delivered
SHP-00694,ORD-00724,R04,ParcelRoute,176,2026-07-26,2026-07-23,Delivered
SHP-00695,ORD-00725,R01,SwiftShip,105,2026-07-04,2026-07-07,Delivered
SHP-00696,ORD-00726,R02,ParcelRoute,92,2026-07-29,2026-07-27,Delivered
SHP-00697,ORD-00727,R03,ParcelRoute,90,2026-07-14,2026-07-15,Delivered
SHP-00698,ORD-00728,R04,SwiftShip,182,2026-07-16,2026-07-21,Delivered
SHP-00699,ORD-00729,R01,ParcelRoute,104,2026-07-31,2026-07-28,Delivered
SHP-00700,ORD-00730,R02,SwiftShip,74,2026-07-27,2026-07-29,Delivered
SHP-00701,ORD-00731,R04,ParcelRoute,180,2026-08-11,2026-08-09,Delivered
SHP-00702,ORD-00732,R01,ParcelRoute,111,2026-08-15,2026-08-15,Delivered
SHP-00703,ORD-00733,R02,ParcelRoute,70,2026-08-22,2026-08-24,Delivered
SHP-00704,ORD-00734,R03,QuickCart,101,2026-08-09,2026-08-08,Delivered
SHP-00705,ORD-00735,R04,QuickCart,182,2026-08-06,2026-08-03,Delivered
SHP-00706,ORD-00736,R01,SwiftShip,100,2026-08-30,2026-08-30,Delivered
SHP-00707,ORD-00737,R02,SwiftShip,89,2026-08-30,2026-08-31,Delivered
SHP-00708,ORD-00738,R03,QuickCart,101,2026-08-19,2026-08-18,Delivered
SHP-00709,ORD-00739,R04,ParcelRoute,175,2026-08-26,2026-08-29,Delivered
SHP-00710,ORD-00740,R01,QuickCart,109,2026-08-30,2026-09-02,Delivered
SHP-00711,ORD-00741,R02,ParcelRoute,74,2026-08-27,2026-08-28,Delivered
SHP-00712,ORD-00742,R03,QuickCart,101,2026-08-20,2026-08-18,Delivered
SHP-00713,ORD-00743,R04,QuickCart,183,2026-08-09,2026-08-10,Delivered
SHP-00714,ORD-00745,R02,ParcelRoute,89,2026-08-10,2026-08-11,Delivered
SHP-00715,ORD-00746,R03,SwiftShip,105,2026-08-07,2026-08-10,Delivered
SHP-00716,ORD-00747,R04,QuickCart,168,2026-08-15,2026-08-16,Delivered
SHP-00717,ORD-00748,R01,ParcelRoute,107,2026-08-29,2026-09-01,Delivered
SHP-00718,ORD-00749,R02,SwiftShip,79,2026-08-13,2026-08-15,Delivered
SHP-00719,ORD-00750,R03,ParcelRoute,98,2026-08-11,2026-08-10,Delivered
SHP-00720,ORD-00751,R04,QuickCart,174,2026-08-17,2026-08-17,Delivered
SHP-00721,ORD-00752,R01,QuickCart,102,2026-08-22,2026-08-21,Delivered
SHP-00722,ORD-00753,R02,ParcelRoute,94,2026-08-27,2026-08-24,Delivered
SHP-00723,ORD-00754,R03,QuickCart,106,2026-08-20,2026-08-22,Delivered
SHP-00724,ORD-00755,R04,ParcelRoute,186,2026-08-10,2026-08-06,Delivered
SHP-00725,ORD-00756,R01,SwiftShip,91,2026-08-28,2026-09-02,Delivered
SHP-00726,ORD-00757,R02,ParcelRoute,88,2026-08-21,2026-08-18,Delivered
SHP-00727,ORD-00758,R03,ParcelRoute,102,2026-08-31,2026-08-29,Delivered
SHP-00728,ORD-00759,R04,SwiftShip,190,2026-08-08,2026-08-12,Delivered
SHP-00729,ORD-00760,R01,QuickCart,109,2026-08-31,2026-08-29,Delivered
SHP-00730,ORD-00761,R02,SwiftShip,98,2026-08-21,2026-08-23,Delivered
SHP-00731,ORD-00762,R03,ParcelRoute,78,2026-08-08,2026-08-07,Delivered
SHP-00732,ORD-00763,R04,SwiftShip,192,2026-08-11,2026-08-12,Delivered
SHP-00733,ORD-00764,R01,QuickCart,107,2026-08-25,2026-08-30,Delivered
SHP-00734,ORD-00765,R02,SwiftShip,99,2026-08-11,2026-08-13,Delivered
SHP-00735,ORD-00766,R03,QuickCart,92,2026-08-16,2026-08-17,Delivered
SHP-00736,ORD-00767,R04,ParcelRoute,188,2026-08-28,2026-09-01,Delivered
SHP-00737,ORD-00769,R02,ParcelRoute,84,2026-08-14,2026-08-16,Delivered
SHP-00738,ORD-00770,R03,QuickCart,107,2026-08-08,2026-08-07,Delivered
SHP-00739,ORD-00771,R04,ParcelRoute,161,2026-08-18,2026-08-19,Delivered
SHP-00740,ORD-00772,R01,ParcelRoute,92,2026-08-15,2026-08-13,Delivered
SHP-00741,ORD-00773,R02,ParcelRoute,82,2026-08-07,2026-08-05,Delivered
SHP-00742,ORD-00774,R03,SwiftShip,91,2026-08-06,2026-08-10,Delivered
SHP-00743,ORD-00775,R04,SwiftShip,183,2026-08-11,2026-08-15,Delivered
SHP-00744,ORD-00776,R01,ParcelRoute,84,2026-08-23,2026-08-22,Delivered
SHP-00745,ORD-00777,R02,QuickCart,74,2026-08-12,2026-08-11,Delivered
SHP-00746,ORD-00778,R03,SwiftShip,95,2026-08-14,2026-08-15,Delivered
SHP-00747,ORD-00779,R04,ParcelRoute,187,2026-08-18,2026-08-18,Delivered
SHP-00748,ORD-00780,R01,SwiftShip,83,2026-08-04,2026-08-09,Delivered
SHP-00749,ORD-00781,R02,QuickCart,77,2026-08-10,2026-08-09,Delivered
SHP-00750,ORD-00782,R03,ParcelRoute,97,2026-08-24,2026-08-27,Delivered
SHP-00751,ORD-00783,R04,SwiftShip,161,2026-08-17,2026-08-17,Delivered
SHP-00752,ORD-00784,R01,QuickCart,114,2026-08-12,2026-08-16,Delivered
SHP-00753,ORD-00785,R02,ParcelRoute,97,2026-08-31,2026-08-29,Delivered
SHP-00754,ORD-00786,R03,SwiftShip,103,2026-08-12,2026-08-15,Delivered
SHP-00755,ORD-00787,R04,ParcelRoute,187,2026-08-18,2026-08-17,Delivered
SHP-00756,ORD-00788,R01,QuickCart,102,2026-08-25,2026-08-28,Delivered
SHP-00757,ORD-00789,R02,QuickCart,109,2026-08-29,2026-08-31,Delivered
SHP-00758,ORD-00790,R03,QuickCart,97,2026-08-11,2026-08-11,Delivered
SHP-00759,ORD-00791,R04,SwiftShip,178,2026-08-08,2026-08-11,Delivered
SHP-00760,ORD-00793,R02,SwiftShip,88,2026-08-17,2026-08-20,Delivered
SHP-00761,ORD-00794,R03,QuickCart,105,2026-08-12,2026-08-10,Delivered
SHP-00762,ORD-00795,R04,ParcelRoute,195,2026-08-10,2026-08-08,Delivered
SHP-00763,ORD-00796,R01,ParcelRoute,104,2026-08-19,2026-08-22,Delivered
SHP-00764,ORD-00797,R02,QuickCart,88,2026-08-18,2026-08-20,Delivered
SHP-00765,ORD-00798,R03,QuickCart,105,2026-08-28,2026-08-28,Delivered
SHP-00766,ORD-00799,R04,QuickCart,187,2026-08-08,2026-08-08,Delivered
SHP-00767,ORD-00800,R01,SwiftShip,105,2026-08-06,2026-08-10,Delivered
SHP-00768,ORD-00801,R02,ParcelRoute,94,2026-09-01,2026-09-02,Delivered
SHP-00769,ORD-00802,R03,SwiftShip,94,2026-08-29,2026-08-29,Delivered
SHP-00770,ORD-00803,R04,ParcelRoute,173,2026-08-29,2026-08-31,Delivered
SHP-00771,ORD-00804,R01,QuickCart,108,2026-08-09,2026-08-11,Delivered
SHP-00772,ORD-00805,R02,QuickCart,77,2026-08-12,2026-08-14,Delivered
SHP-00773,ORD-00806,R03,QuickCart,87,2026-08-08,2026-08-09,Delivered
SHP-00774,ORD-00807,R04,ParcelRoute,173,2026-08-21,2026-08-20,Delivered
SHP-00775,ORD-00808,R01,SwiftShip,96,2026-08-10,2026-08-12,Delivered
SHP-00776,ORD-00809,R02,SwiftShip,85,2026-08-23,2026-08-21,Delivered
SHP-00777,ORD-00810,R03,SwiftShip,81,2026-08-08,2026-08-08,Delivered
SHP-00778,ORD-00811,R04,SwiftShip,166,2026-08-12,2026-08-08,Delivered
SHP-00779,ORD-00812,R01,SwiftShip,112,2026-08-11,2026-08-11,Delivered
SHP-00780,ORD-00813,R02,ParcelRoute,87,2026-08-16,2026-08-17,Delivered
SHP-00781,ORD-00814,R03,SwiftShip,78,2026-08-04,2026-08-04,Delivered
SHP-00782,ORD-00815,R04,SwiftShip,190,2026-08-26,2026-08-25,Delivered
SHP-00783,ORD-00817,R02,SwiftShip,112,2026-08-28,2026-08-27,Delivered
SHP-00784,ORD-00818,R03,QuickCart,79,2026-08-22,2026-08-21,Delivered
SHP-00785,ORD-00819,R04,SwiftShip,172,2026-08-16,2026-08-14,Delivered
SHP-00786,ORD-00820,R01,SwiftShip,103,2026-08-18,2026-08-20,Delivered
SHP-00787,ORD-00821,R02,ParcelRoute,81,2026-08-30,2026-09-02,Delivered
SHP-00788,ORD-00822,R03,ParcelRoute,107,2026-08-24,2026-08-21,Delivered
SHP-00789,ORD-00823,R04,SwiftShip,173,2026-08-27,2026-08-26,Delivered
SHP-00790,ORD-00824,R01,SwiftShip,107,2026-08-24,2026-08-26,Delivered
SHP-00791,ORD-00825,R02,ParcelRoute,87,2026-08-29,2026-08-28,Delivered
SHP-00792,ORD-00826,R03,ParcelRoute,83,2026-08-16,2026-08-19,Delivered
SHP-00793,ORD-00827,R04,QuickCart,183,2026-08-16,2026-08-15,Delivered
SHP-00794,ORD-00828,R01,ParcelRoute,94,2026-08-09,2026-08-10,Delivered
SHP-00795,ORD-00829,R02,SwiftShip,96,2026-08-15,2026-08-17,Delivered
SHP-00796,ORD-00830,R03,QuickCart,81,2026-08-16,2026-08-21,Delivered
SHP-00797,ORD-00831,R04,ParcelRoute,183,2026-08-27,2026-08-28,Delivered
SHP-00798,ORD-00832,R01,SwiftShip,109,2026-08-15,2026-08-16,Delivered
SHP-00799,ORD-00833,R02,SwiftShip,87,2026-08-30,2026-08-31,Delivered
SHP-00800,ORD-00834,R03,ParcelRoute,93,2026-08-24,2026-08-28,Delivered
SHP-00801,ORD-00835,R04,QuickCart,161,2026-08-23,2026-08-20,Delivered
SHP-00802,ORD-00836,R01,QuickCart,100,2026-08-15,2026-08-12,Delivered
SHP-00803,ORD-00837,R02,QuickCart,73,2026-08-24,2026-08-27,Delivered
SHP-00804,ORD-00838,R03,QuickCart,99,2026-08-27,2026-08-27,Delivered
SHP-00805,ORD-00839,R04,QuickCart,173,2026-08-26,2026-08-31,Delivered
SHP-00806,ORD-00841,R02,QuickCart,100,2026-08-16,2026-08-18,Delivered
SHP-00807,ORD-00842,R03,QuickCart,106,2026-08-28,2026-08-30,Delivered
SHP-00808,ORD-00843,R04,ParcelRoute,159,2026-08-17,2026-08-22,Delivered
SHP-00809,ORD-00844,R01,QuickCart,92,2026-08-09,2026-08-13,Delivered
SHP-00810,ORD-00845,R02,QuickCart,87,2026-08-08,2026-08-11,Delivered
SHP-00811,ORD-00846,R03,ParcelRoute,86,2026-08-07,2026-08-09,Delivered
SHP-00812,ORD-00847,R04,QuickCart,169,2026-08-15,2026-08-12,Delivered
SHP-00813,ORD-00848,R01,SwiftShip,112,2026-08-06,2026-08-10,Delivered
SHP-00814,ORD-00849,R02,ParcelRoute,96,2026-08-22,2026-08-24,Delivered
SHP-00815,ORD-00850,R03,QuickCart,97,2026-08-16,2026-08-16,Delivered
SHP-00816,ORD-00851,R04,QuickCart,160,2026-08-27,2026-09-01,Delivered
SHP-00817,ORD-00852,R01,ParcelRoute,84,2026-08-12,2026-08-11,Delivered
SHP-00818,ORD-00853,R02,ParcelRoute,77,2026-08-09,2026-08-05,Delivered
SHP-00819,ORD-00854,R03,QuickCart,97,2026-08-28,2026-08-27,Delivered
SHP-00820,ORD-00855,R04,QuickCart,177,2026-08-26,2026-08-29,Delivered
SHP-00821,ORD-00856,R01,ParcelRoute,95,2026-08-20,2026-08-19,Delivered
SHP-00822,ORD-00857,R02,ParcelRoute,84,2026-08-16,2026-08-13,Delivered
SHP-00823,ORD-00858,R03,SwiftShip,89,2026-09-01,2026-08-30,Delivered
SHP-00824,ORD-00859,R04,QuickCart,167,2026-09-01,2026-08-30,Delivered
SHP-00825,ORD-00860,R01,SwiftShip,105,2026-08-24,2026-08-22,Delivered
SHP-00826,ORD-00861,R02,SwiftShip,97,2026-08-24,2026-08-22,Delivered
SHP-00827,ORD-00862,R03,SwiftShip,93,2026-08-09,2026-08-08,Delivered
SHP-00828,ORD-00863,R04,QuickCart,171,2026-08-24,2026-08-28,Delivered
SHP-00829,ORD-00865,R02,ParcelRoute,87,2026-08-16,2026-08-16,Delivered
SHP-00830,ORD-00866,R03,QuickCart,89,2026-08-06,2026-08-10,Delivered
SHP-00831,ORD-00867,R04,ParcelRoute,182,2026-08-23,2026-08-26,Delivered
SHP-00832,ORD-00868,R01,ParcelRoute,82,2026-08-24,2026-08-27,Delivered
SHP-00833,ORD-00869,R02,SwiftShip,76,2026-08-22,2026-08-23,Delivered
SHP-00834,ORD-00870,R03,SwiftShip,123,2026-08-09,2026-08-09,Delivered
SHP-00835,ORD-00871,R04,QuickCart,160,2026-08-29,2026-08-26,Delivered
SHP-00836,ORD-00872,R01,SwiftShip,111,2026-08-14,2026-08-12,Delivered
SHP-00837,ORD-00873,R02,QuickCart,98,2026-08-26,2026-08-25,Delivered
SHP-00838,ORD-00874,R03,SwiftShip,106,2026-08-12,2026-08-14,Delivered
SHP-00839,ORD-00875,R04,SwiftShip,175,2026-08-29,2026-08-28,Delivered
SHP-00840,ORD-00876,R01,ParcelRoute,99,2026-08-14,2026-08-14,Delivered
SHP-00841,ORD-00877,R02,QuickCart,70,2026-08-27,2026-08-31,Delivered
SHP-00842,ORD-00878,R03,ParcelRoute,84,2026-08-09,2026-08-11,Delivered
SHP-00843,ORD-00879,R04,QuickCart,178,2026-08-07,2026-08-09,Delivered
SHP-00844,ORD-00880,R01,ParcelRoute,129,2026-08-20,2026-08-20,Delivered
SHP-00845,ORD-00881,R02,ParcelRoute,96,2026-08-11,2026-08-10,Delivered
SHP-00846,ORD-00882,R03,SwiftShip,93,2026-08-06,2026-08-07,Delivered
SHP-00847,ORD-00883,R04,QuickCart,161,2026-08-07,2026-08-06,Delivered
SHP-00848,ORD-00884,R01,SwiftShip,99,2026-08-23,2026-08-21,Delivered
SHP-00849,ORD-00885,R02,SwiftShip,89,2026-08-07,2026-08-05,Delivered
SHP-00850,ORD-00886,R03,ParcelRoute,100,2026-08-19,2026-08-16,Delivered
SHP-00851,ORD-00887,R04,QuickCart,165,2026-08-29,2026-08-27,Delivered
SHP-00852,ORD-00889,R02,SwiftShip,68,2026-08-27,2026-08-23,Delivered
SHP-00853,ORD-00890,R03,SwiftShip,108,2026-08-09,2026-08-05,Delivered
SHP-00854,ORD-00891,R04,SwiftShip,177,2026-08-10,2026-08-14,Delivered
SHP-00855,ORD-00892,R01,QuickCart,99,2026-08-04,2026-08-06,Delivered
SHP-00856,ORD-00893,R02,ParcelRoute,74,2026-09-02,2026-09-02,Delivered
SHP-00857,ORD-00894,R03,ParcelRoute,77,2026-08-30,2026-09-01,Delivered
SHP-00858,ORD-00895,R04,SwiftShip,179,2026-08-31,2026-08-30,Delivered
SHP-00859,ORD-00896,R01,ParcelRoute,88,2026-08-22,2026-08-18,Delivered
SHP-00860,ORD-00897,R02,SwiftShip,77,2026-08-15,2026-08-16,Delivered
SHP-00861,ORD-00898,R03,SwiftShip,84,2026-08-25,2026-08-22,Delivered
SHP-00862,ORD-00899,R04,QuickCart,178,2026-08-29,2026-08-30,Delivered
SHP-00863,ORD-00900,R01,SwiftShip,90,2026-08-26,2026-08-24,Delivered
SHP-00864,ORD-00901,R02,ParcelRoute,86,2026-08-21,2026-08-21,Delivered
SHP-00865,ORD-00902,R03,QuickCart,96,2026-08-29,2026-09-03,Delivered
SHP-00866,ORD-00903,R04,ParcelRoute,162,2026-08-20,2026-08-17,Delivered
SHP-00867,ORD-00904,R01,QuickCart,95,2026-08-17,2026-08-17,Delivered
SHP-00868,ORD-00905,R02,SwiftShip,99,2026-08-24,2026-08-23,Delivered
SHP-00869,ORD-00906,R03,ParcelRoute,102,2026-08-09,2026-08-10,Delivered
SHP-00870,ORD-00907,R04,ParcelRoute,184,2026-08-10,2026-08-07,Delivered
SHP-00871,ORD-00908,R01,QuickCart,111,2026-08-29,2026-09-02,Delivered
SHP-00872,ORD-00909,R02,ParcelRoute,110,2026-08-19,2026-08-22,Delivered
SHP-00873,ORD-00910,R03,ParcelRoute,88,2026-08-07,2026-08-07,Delivered
SHP-00874,ORD-00911,R04,SwiftShip,165,2026-08-30,2026-09-03,Delivered
SHP-00875,ORD-00913,R02,QuickCart,91,2026-08-31,2026-08-29,Delivered
SHP-00876,ORD-00914,R03,QuickCart,78,2026-08-12,2026-08-12,Delivered
SHP-00877,ORD-00915,R04,QuickCart,182,2026-08-24,2026-08-28,Delivered
SHP-00878,ORD-00916,R01,QuickCart,97,2026-08-17,2026-08-17,Delivered
SHP-00879,ORD-00917,R02,ParcelRoute,95,2026-08-29,2026-08-27,Delivered
SHP-00880,ORD-00918,R03,ParcelRoute,78,2026-09-02,2026-09-02,Delivered
SHP-00881,ORD-00919,R04,SwiftShip,167,2026-09-01,2026-09-03,Delivered
SHP-00882,ORD-00920,R01,QuickCart,84,2026-08-24,2026-08-22,Delivered
SHP-00883,ORD-00921,R02,SwiftShip,80,2026-08-07,2026-08-06,Delivered
SHP-00884,ORD-00922,R03,SwiftShip,97,2026-08-19,2026-08-21,Delivered
SHP-00885,ORD-00923,R04,SwiftShip,160,2026-08-30,2026-08-31,Delivered
SHP-00886,ORD-00924,R01,ParcelRoute,98,2026-08-11,2026-08-10,Delivered
SHP-00887,ORD-00925,R02,QuickCart,73,2026-08-15,2026-08-17,Delivered
SHP-00888,ORD-00926,R03,SwiftShip,91,2026-08-13,2026-08-13,Delivered
SHP-00889,ORD-00927,R04,SwiftShip,189,2026-08-28,2026-08-27,Delivered
SHP-00890,ORD-00928,R01,SwiftShip,104,2026-08-11,2026-08-07,Delivered
SHP-00891,ORD-00929,R02,ParcelRoute,74,2026-08-13,2026-08-15,Delivered
SHP-00892,ORD-00930,R03,SwiftShip,77,2026-08-18,2026-08-15,Delivered
SHP-00893,ORD-00931,R04,QuickCart,197,2026-08-31,2026-08-29,Delivered
SHP-00894,ORD-00932,R01,SwiftShip,91,2026-08-16,2026-08-15,Delivered
SHP-00895,ORD-00933,R02,ParcelRoute,96,2026-08-09,2026-08-11,Delivered
SHP-00896,ORD-00934,R03,QuickCart,80,2026-08-30,2026-09-01,Delivered
SHP-00897,ORD-00935,R04,QuickCart,184,2026-08-24,2026-08-23,Delivered
SHP-00898,ORD-00937,R02,ParcelRoute,69,2026-08-20,2026-08-20,Delivered
SHP-00899,ORD-00938,R03,ParcelRoute,99,2026-08-29,2026-08-31,Delivered
SHP-00900,ORD-00939,R04,ParcelRoute,172,2026-08-27,2026-08-26,Delivered
SHP-00901,ORD-00940,R01,QuickCart,103,2026-08-28,2026-08-26,Delivered
SHP-00902,ORD-00941,R02,SwiftShip,84,2026-08-09,2026-08-08,Delivered
SHP-00903,ORD-00942,R03,ParcelRoute,108,2026-08-15,2026-08-13,Delivered
SHP-00904,ORD-00943,R04,SwiftShip,178,2026-08-10,2026-08-10,Delivered
SHP-00905,ORD-00944,R01,SwiftShip,91,2026-08-11,2026-08-10,Delivered
SHP-00906,ORD-00945,R02,SwiftShip,97,2026-08-25,2026-08-24,Delivered
SHP-00907,ORD-00946,R03,QuickCart,102,2026-08-30,2026-09-01,Delivered
SHP-00908,ORD-00947,R04,SwiftShip,185,2026-08-19,2026-08-19,Delivered
SHP-00909,ORD-00948,R01,SwiftShip,112,2026-08-11,2026-08-13,Delivered
SHP-00910,ORD-00949,R02,QuickCart,74,2026-08-18,2026-08-16,Delivered
SHP-00911,ORD-00950,R03,SwiftShip,105,2026-08-14,2026-08-16,Delivered
SHP-00912,ORD-00951,R04,SwiftShip,178,2026-08-29,2026-09-01,Delivered
SHP-00913,ORD-00952,R01,ParcelRoute,110,2026-08-29,2026-08-28,Delivered
SHP-00914,ORD-00953,R02,ParcelRoute,85,2026-08-09,2026-08-08,Delivered
SHP-00915,ORD-00954,R03,SwiftShip,106,2026-08-27,2026-08-30,Delivered
SHP-00916,ORD-00955,R04,ParcelRoute,171,2026-08-26,2026-08-29,Delivered
SHP-00917,ORD-00956,R02,QuickCart,86,2026-09-19,2026-09-15,Delivered
SHP-00918,ORD-00957,R03,QuickCart,94,2026-09-19,2026-09-20,Delivered
SHP-00919,ORD-00958,R04,SwiftShip,208,2026-09-18,2026-09-20,Delivered
SHP-00920,ORD-00959,R01,SwiftShip,116,2026-09-30,2026-09-30,Delivered
SHP-00921,ORD-00961,R03,QuickCart,100,2026-09-27,2026-09-29,Delivered
SHP-00922,ORD-00962,R04,SwiftShip,183,2026-09-29,2026-09-25,Delivered
SHP-00923,ORD-00963,R01,ParcelRoute,102,2026-10-01,2026-10-02,Delivered
SHP-00924,ORD-00964,R02,QuickCart,95,2026-09-17,2026-09-16,Delivered
SHP-00925,ORD-00965,R03,QuickCart,96,2026-09-08,2026-09-05,Delivered
SHP-00926,ORD-00966,R04,QuickCart,159,2026-09-09,2026-09-07,Delivered
SHP-00927,ORD-00967,R01,SwiftShip,114,2026-09-17,2026-09-17,Delivered
SHP-00928,ORD-00968,R02,QuickCart,100,2026-09-12,2026-09-12,Delivered
SHP-00929,ORD-00969,R03,SwiftShip,94,2026-09-08,2026-09-09,Delivered
SHP-00930,ORD-00970,R04,ParcelRoute,190,2026-09-07,2026-09-10,Delivered
SHP-00931,ORD-00971,R01,SwiftShip,98,2026-09-21,2026-09-21,Delivered
SHP-00932,ORD-00972,R02,SwiftShip,100,2026-09-19,2026-09-18,Delivered
SHP-00933,ORD-00973,R03,QuickCart,107,2026-09-13,2026-09-10,Delivered
SHP-00934,ORD-00974,R04,ParcelRoute,190,2026-09-21,2026-09-20,Delivered
SHP-00935,ORD-00975,R01,ParcelRoute,111,2026-09-08,2026-09-10,Delivered
SHP-00936,ORD-00976,R02,QuickCart,82,2026-09-10,2026-09-10,Delivered
SHP-00937,ORD-00977,R03,SwiftShip,96,2026-09-11,2026-09-14,Delivered
SHP-00938,ORD-00978,R04,QuickCart,165,2026-09-14,2026-09-18,Delivered
SHP-00939,ORD-00979,R01,ParcelRoute,112,2026-10-01,2026-09-30,Delivered
SHP-00940,ORD-00980,R02,ParcelRoute,83,2026-09-26,2026-09-24,Delivered
SHP-00941,ORD-00981,R03,SwiftShip,82,2026-09-17,2026-09-18,Delivered
SHP-00942,ORD-00982,R04,ParcelRoute,188,2026-09-24,2026-09-25,Delivered
SHP-00943,ORD-00983,R01,QuickCart,98,2026-09-11,2026-09-10,Delivered
SHP-00944,ORD-00985,R03,QuickCart,108,2026-09-25,2026-09-24,Delivered
SHP-00945,ORD-00986,R04,ParcelRoute,160,2026-09-22,2026-09-21,Delivered
SHP-00946,ORD-00987,R01,QuickCart,100,2026-09-24,2026-09-25,Delivered
SHP-00947,ORD-00988,R02,SwiftShip,92,2026-09-25,2026-09-25,Delivered
SHP-00948,ORD-00989,R03,SwiftShip,81,2026-09-15,2026-09-18,Delivered
SHP-00949,ORD-00990,R04,SwiftShip,158,2026-09-18,2026-09-21,Delivered
SHP-00950,ORD-00991,R01,SwiftShip,96,2026-09-16,2026-09-21,Delivered
SHP-00951,ORD-00992,R02,QuickCart,68,2026-09-30,2026-10-02,Delivered
SHP-00952,ORD-00993,R03,QuickCart,82,2026-09-13,2026-09-13,Delivered
SHP-00953,ORD-00994,R04,ParcelRoute,162,2026-09-22,2026-09-26,Delivered
SHP-00954,ORD-00995,R01,QuickCart,112,2026-09-14,2026-09-13,Delivered
SHP-00955,ORD-00996,R02,QuickCart,79,2026-09-19,2026-09-16,Delivered
SHP-00956,ORD-00997,R03,SwiftShip,104,2026-09-30,2026-09-29,Delivered
SHP-00957,ORD-00998,R04,QuickCart,182,2026-09-07,2026-09-08,Delivered
SHP-00958,ORD-00999,R01,SwiftShip,90,2026-09-07,2026-09-10,Delivered
SHP-00959,ORD-01000,R02,SwiftShip,100,2026-09-11,2026-09-09,Delivered
SHP-00960,ORD-01001,R03,ParcelRoute,84,2026-09-29,2026-10-02,Delivered
SHP-00961,ORD-01002,R04,QuickCart,183,2026-09-22,2026-09-26,Delivered
SHP-00962,ORD-01003,R01,QuickCart,111,2026-09-24,2026-09-27,Delivered
SHP-00963,ORD-01004,R02,QuickCart,102,2026-09-14,2026-09-13,Delivered
SHP-00964,ORD-01005,R03,QuickCart,105,2026-09-20,2026-09-22,Delivered
SHP-00965,ORD-01006,R04,SwiftShip,180,2026-09-10,2026-09-10,Delivered
SHP-00966,ORD-01007,R01,QuickCart,82,2026-09-28,2026-09-25,Delivered
SHP-00967,ORD-01009,R03,ParcelRoute,85,2026-09-11,2026-09-10,Delivered
SHP-00968,ORD-01010,R04,QuickCart,158,2026-09-06,2026-09-05,Delivered
SHP-00969,ORD-01011,R01,SwiftShip,95,2026-09-16,2026-09-15,Delivered
SHP-00970,ORD-01012,R02,SwiftShip,100,2026-09-05,2026-09-04,Delivered
SHP-00971,ORD-01013,R03,ParcelRoute,95,2026-09-18,2026-09-17,Delivered
SHP-00972,ORD-01014,R04,SwiftShip,162,2026-09-30,2026-10-03,Delivered
SHP-00973,ORD-01015,R01,SwiftShip,98,2026-09-09,2026-09-14,Delivered
SHP-00974,ORD-01016,R02,QuickCart,77,2026-09-12,2026-09-11,Delivered
SHP-00975,ORD-01017,R03,QuickCart,120,2026-10-01,2026-09-30,Delivered
SHP-00976,ORD-01018,R04,ParcelRoute,168,2026-09-08,2026-09-11,Delivered
SHP-00977,ORD-01019,R01,QuickCart,100,2026-09-22,2026-09-21,Delivered
SHP-00978,ORD-01020,R02,SwiftShip,86,2026-09-27,2026-09-26,Delivered
SHP-00979,ORD-01021,R03,ParcelRoute,89,2026-09-25,2026-09-22,Delivered
SHP-00980,ORD-01022,R04,ParcelRoute,186,2026-09-23,2026-09-22,Delivered
SHP-00981,ORD-01023,R01,QuickCart,107,2026-09-18,2026-09-20,Delivered
SHP-00982,ORD-01024,R02,SwiftShip,96,2026-09-08,2026-09-11,Delivered
SHP-00983,ORD-01025,R03,ParcelRoute,88,2026-09-22,2026-09-24,Delivered
SHP-00984,ORD-01026,R04,QuickCart,177,2026-09-15,2026-09-12,Delivered
SHP-00985,ORD-01027,R01,ParcelRoute,130,2026-09-25,2026-09-23,Delivered
SHP-00986,ORD-01028,R02,QuickCart,83,2026-09-18,2026-09-22,Delivered
SHP-00987,ORD-01029,R03,ParcelRoute,99,2026-10-03,2026-09-29,Delivered
SHP-00988,ORD-01030,R04,QuickCart,166,2026-09-26,2026-09-24,Delivered
SHP-00989,ORD-01031,R01,SwiftShip,100,2026-09-06,2026-09-08,Delivered
SHP-00990,ORD-01033,R03,SwiftShip,85,2026-09-12,2026-09-14,Delivered
SHP-00991,ORD-01034,R04,ParcelRoute,184,2026-10-03,2026-09-30,Delivered
SHP-00992,ORD-01035,R01,SwiftShip,106,2026-09-14,2026-09-18,Delivered
SHP-00993,ORD-01036,R02,ParcelRoute,71,2026-09-17,2026-09-18,Delivered
SHP-00994,ORD-01037,R03,QuickCart,86,2026-09-17,2026-09-13,Delivered
SHP-00995,ORD-01038,R04,ParcelRoute,182,2026-10-01,2026-10-01,Delivered
SHP-00996,ORD-01039,R01,QuickCart,85,2026-09-14,2026-09-13,Delivered
SHP-00997,ORD-01040,R02,ParcelRoute,70,2026-09-08,2026-09-06,Delivered
SHP-00998,ORD-01041,R03,QuickCart,81,2026-09-26,2026-09-23,Delivered
SHP-00999,ORD-01042,R04,SwiftShip,158,2026-09-04,2026-09-07,Delivered
SHP-01000,ORD-01043,R01,SwiftShip,97,2026-09-30,2026-09-28,Delivered
SHP-01001,ORD-01044,R02,QuickCart,72,2026-09-08,2026-09-08,Delivered
SHP-01002,ORD-01045,R03,QuickCart,83,2026-09-09,2026-09-07,Delivered
SHP-01003,ORD-01046,R04,ParcelRoute,170,2026-09-25,2026-09-23,Delivered
SHP-01004,ORD-01047,R01,ParcelRoute,108,2026-09-29,2026-09-29,Delivered
SHP-01005,ORD-01048,R02,ParcelRoute,89,2026-09-11,2026-09-12,Delivered
SHP-01006,ORD-01049,R03,SwiftShip,107,2026-09-29,2026-09-28,Delivered
SHP-01007,ORD-01050,R04,QuickCart,167,2026-09-19,2026-09-22,Delivered
SHP-01008,ORD-01051,R01,SwiftShip,96,2026-09-18,2026-09-21,Delivered
SHP-01009,ORD-01052,R02,QuickCart,91,2026-09-25,2026-09-28,Delivered
SHP-01010,ORD-01053,R03,SwiftShip,76,2026-09-25,2026-09-26,Delivered
SHP-01011,ORD-01054,R04,SwiftShip,165,2026-09-13,2026-09-12,Delivered
SHP-01012,ORD-01055,R01,ParcelRoute,83,2026-09-06,2026-09-05,Delivered
SHP-01013,ORD-01057,R03,ParcelRoute,89,2026-09-08,2026-09-04,Delivered
SHP-01014,ORD-01058,R04,ParcelRoute,184,2026-09-08,2026-09-09,Delivered
SHP-01015,ORD-01059,R01,QuickCart,92,2026-09-19,2026-09-23,Delivered
SHP-01016,ORD-01060,R02,QuickCart,93,2026-09-26,2026-09-23,Delivered
SHP-01017,ORD-01061,R03,ParcelRoute,109,2026-09-21,2026-09-23,Delivered
SHP-01018,ORD-01062,R04,SwiftShip,160,2026-09-15,2026-09-18,Delivered
SHP-01019,ORD-01063,R01,SwiftShip,111,2026-09-19,2026-09-18,Delivered
SHP-01020,ORD-01064,R02,SwiftShip,69,2026-09-29,2026-09-26,Delivered
SHP-01021,ORD-01065,R03,ParcelRoute,96,2026-09-15,2026-09-20,Delivered
SHP-01022,ORD-01066,R04,ParcelRoute,188,2026-09-08,2026-09-12,Delivered
SHP-01023,ORD-01067,R01,SwiftShip,119,2026-09-11,2026-09-08,Delivered
SHP-01024,ORD-01068,R02,SwiftShip,86,2026-09-24,2026-09-26,Delivered
SHP-01025,ORD-01069,R03,QuickCart,87,2026-09-29,2026-09-30,Delivered
SHP-01026,ORD-01070,R04,SwiftShip,188,2026-09-22,2026-09-20,Delivered
SHP-01027,ORD-01071,R01,QuickCart,92,2026-09-24,2026-09-26,Delivered
SHP-01028,ORD-01072,R02,ParcelRoute,100,2026-09-27,2026-09-28,Delivered
SHP-01029,ORD-01073,R03,QuickCart,86,2026-09-19,2026-09-22,Delivered
SHP-01030,ORD-01074,R04,SwiftShip,188,2026-09-29,2026-10-01,Delivered
SHP-01031,ORD-01075,R01,ParcelRoute,86,2026-09-14,2026-09-11,Delivered
SHP-01032,ORD-01076,R02,ParcelRoute,72,2026-09-24,2026-09-23,Delivered
SHP-01033,ORD-01077,R03,ParcelRoute,89,2026-10-02,2026-10-03,Delivered
SHP-01034,ORD-01078,R04,QuickCart,165,2026-09-24,2026-09-22,Delivered
SHP-01035,ORD-01079,R01,QuickCart,103,2026-09-13,2026-09-11,Delivered
SHP-01036,ORD-01081,R03,ParcelRoute,76,2026-10-03,2026-09-30,Delivered
SHP-01037,ORD-01082,R04,ParcelRoute,183,2026-09-30,2026-09-30,Delivered
SHP-01038,ORD-01083,R01,ParcelRoute,97,2026-09-13,2026-09-15,Delivered
SHP-01039,ORD-01084,R02,SwiftShip,91,2026-09-15,2026-09-13,Delivered
SHP-01040,ORD-01085,R03,QuickCart,99,2026-09-30,2026-10-02,Delivered
SHP-01041,ORD-01086,R04,SwiftShip,179,2026-09-11,2026-09-09,Delivered
SHP-01042,ORD-01087,R01,QuickCart,105,2026-09-15,2026-09-14,Delivered
SHP-01043,ORD-01088,R02,ParcelRoute,111,2026-09-19,2026-09-17,Delivered
SHP-01044,ORD-01089,R03,SwiftShip,98,2026-09-20,2026-09-24,Delivered
SHP-01045,ORD-01090,R04,QuickCart,164,2026-09-18,2026-09-17,Delivered
SHP-01046,ORD-01091,R01,QuickCart,102,2026-09-24,2026-09-24,Delivered
SHP-01047,ORD-01092,R02,SwiftShip,91,2026-09-14,2026-09-14,Delivered
SHP-01048,ORD-01093,R03,QuickCart,108,2026-09-17,2026-09-18,Delivered
SHP-01049,ORD-01094,R04,ParcelRoute,174,2026-09-13,2026-09-13,Delivered
SHP-01050,ORD-01095,R01,ParcelRoute,95,2026-09-08,2026-09-12,Delivered
SHP-01051,ORD-01096,R02,QuickCart,110,2026-09-22,2026-09-25,Delivered
SHP-01052,ORD-01097,R03,ParcelRoute,120,2026-09-17,2026-09-21,Delivered
SHP-01053,ORD-01098,R04,QuickCart,180,2026-09-22,2026-09-22,Delivered
SHP-01054,ORD-01099,R01,SwiftShip,91,2026-09-23,2026-09-24,Delivered
SHP-01055,ORD-01100,R02,ParcelRoute,89,2026-09-17,2026-09-18,Delivered
SHP-01056,ORD-01101,R03,SwiftShip,80,2026-09-08,2026-09-09,Delivered
SHP-01057,ORD-01102,R04,ParcelRoute,176,2026-09-27,2026-09-26,Delivered
SHP-01058,ORD-01103,R01,ParcelRoute,95,2026-09-25,2026-09-27,Delivered
SHP-01059,ORD-01105,R03,QuickCart,92,2026-09-20,2026-09-22,Delivered
SHP-01060,ORD-01106,R04,QuickCart,174,2026-09-29,2026-10-02,Delivered
SHP-01061,ORD-01107,R01,ParcelRoute,88,2026-09-23,2026-09-22,Delivered
SHP-01062,ORD-01108,R02,SwiftShip,81,2026-09-09,2026-09-08,Delivered
SHP-01063,ORD-01109,R03,ParcelRoute,84,2026-09-10,2026-09-13,Delivered
SHP-01064,ORD-01110,R04,ParcelRoute,189,2026-09-14,2026-09-19,Delivered
SHP-01065,ORD-01111,R01,SwiftShip,105,2026-09-20,2026-09-16,Delivered
SHP-01066,ORD-01112,R02,QuickCart,70,2026-09-24,2026-09-28,Delivered
SHP-01067,ORD-01113,R03,QuickCart,104,2026-09-15,2026-09-15,Delivered
SHP-01068,ORD-01114,R04,QuickCart,174,2026-09-08,2026-09-13,Delivered
SHP-01069,ORD-01115,R01,ParcelRoute,113,2026-09-15,2026-09-17,Delivered
SHP-01070,ORD-01116,R02,ParcelRoute,95,2026-09-28,2026-09-30,Delivered
SHP-01071,ORD-01117,R03,SwiftShip,118,2026-09-21,2026-09-25,Delivered
SHP-01072,ORD-01118,R04,QuickCart,164,2026-09-25,2026-09-28,Delivered
SHP-01073,ORD-01119,R01,ParcelRoute,86,2026-09-19,2026-09-22,Delivered
SHP-01074,ORD-01120,R02,QuickCart,80,2026-09-12,2026-09-13,Delivered
SHP-01075,ORD-01121,R03,ParcelRoute,99,2026-09-28,2026-09-30,Delivered
SHP-01076,ORD-01122,R04,QuickCart,159,2026-09-23,2026-09-27,Delivered
SHP-01077,ORD-01123,R01,SwiftShip,91,2026-09-09,2026-09-13,Delivered
SHP-01078,ORD-01124,R02,SwiftShip,70,2026-10-01,2026-09-30,Delivered
SHP-01079,ORD-01125,R03,QuickCart,94,2026-09-19,2026-09-19,Delivered
SHP-01080,ORD-01126,R04,ParcelRoute,165,2026-09-12,2026-09-11,Delivered
SHP-01081,ORD-01127,R01,SwiftShip,110,2026-09-11,2026-09-14,Delivered
SHP-01082,ORD-01129,R03,ParcelRoute,100,2026-10-03,2026-10-01,Delivered
SHP-01083,ORD-01130,R04,QuickCart,182,2026-09-18,2026-09-20,Delivered
SHP-01084,ORD-01131,R01,ParcelRoute,113,2026-09-25,2026-09-24,Delivered
SHP-01085,ORD-01132,R02,QuickCart,83,2026-09-08,2026-09-10,Delivered
SHP-01086,ORD-01133,R03,SwiftShip,98,2026-09-21,2026-09-23,Delivered
SHP-01087,ORD-01134,R04,SwiftShip,173,2026-09-20,2026-09-17,Delivered
SHP-01088,ORD-01135,R01,SwiftShip,110,2026-09-08,2026-09-13,Delivered
SHP-01089,ORD-01136,R02,ParcelRoute,94,2026-09-07,2026-09-06,Delivered
SHP-01090,ORD-01137,R03,SwiftShip,91,2026-09-27,2026-09-30,Delivered
SHP-01091,ORD-01138,R04,SwiftShip,171,2026-09-25,2026-09-27,Delivered
SHP-01092,ORD-01139,R01,QuickCart,105,2026-09-16,2026-09-18,Delivered
SHP-01093,ORD-01140,R02,SwiftShip,89,2026-09-10,2026-09-11,Delivered
SHP-01094,ORD-01141,R03,SwiftShip,113,2026-09-07,2026-09-06,Delivered
SHP-01095,ORD-01142,R04,QuickCart,190,2026-09-17,2026-09-15,Delivered
SHP-01096,ORD-01143,R01,SwiftShip,100,2026-09-16,2026-09-19,Delivered
SHP-01097,ORD-01144,R02,ParcelRoute,87,2026-09-23,2026-09-28,Delivered
SHP-01098,ORD-01145,R03,ParcelRoute,76,2026-09-26,2026-09-28,Delivered
SHP-01099,ORD-01146,R04,QuickCart,186,2026-09-27,2026-09-29,Delivered
SHP-01100,ORD-01147,R01,QuickCart,130,2026-09-19,2026-09-18,Delivered
SHP-01101,ORD-01148,R02,QuickCart,117,2026-09-19,2026-09-21,Delivered
SHP-01102,ORD-01149,R03,SwiftShip,106,2026-09-24,2026-09-26,Delivered
SHP-01103,ORD-01150,R04,QuickCart,167,2026-09-27,2026-09-27,Delivered
SHP-01104,ORD-01151,R01,QuickCart,96,2026-09-12,2026-09-14,Delivered
SHP-01105,ORD-01153,R03,ParcelRoute,85,2026-09-20,2026-09-18,Delivered
SHP-01106,ORD-01154,R04,QuickCart,187,2026-09-08,2026-09-06,Delivered
SHP-01107,ORD-01155,R01,ParcelRoute,95,2026-09-10,2026-09-13,Delivered
SHP-01108,ORD-01156,R02,QuickCart,96,2026-09-07,2026-09-05,Delivered
SHP-01109,ORD-01157,R03,QuickCart,110,2026-09-12,2026-09-11,Delivered
SHP-01110,ORD-01158,R04,ParcelRoute,186,2026-09-18,2026-09-15,Delivered
SHP-01111,ORD-01159,R01,ParcelRoute,96,2026-09-14,2026-09-11,Delivered
SHP-01112,ORD-01160,R02,ParcelRoute,73,2026-09-27,2026-09-28,Delivered
SHP-01113,ORD-01161,R03,ParcelRoute,94,2026-09-16,2026-09-15,Delivered
SHP-01114,ORD-01162,R04,SwiftShip,205,2026-09-07,2026-09-09,Delivered
SHP-01115,ORD-01163,R01,SwiftShip,107,2026-09-19,2026-09-19,Delivered
SHP-01116,ORD-01164,R02,ParcelRoute,77,2026-09-16,2026-09-15,Delivered
SHP-01117,ORD-01165,R03,QuickCart,87,2026-09-12,2026-09-08,Delivered
SHP-01118,ORD-01166,R04,SwiftShip,180,2026-09-18,2026-09-16,Delivered
SHP-01119,ORD-01167,R01,ParcelRoute,92,2026-09-15,2026-09-17,Delivered
SHP-01120,ORD-01168,R02,SwiftShip,69,2026-09-30,2026-09-28,Delivered
SHP-01121,ORD-01169,R03,QuickCart,82,2026-09-08,2026-09-11,Delivered
SHP-01122,ORD-01170,R04,ParcelRoute,167,2026-09-19,2026-09-18,Delivered
SHP-01123,ORD-01171,R01,QuickCart,105,2026-09-07,2026-09-12,Delivered
SHP-01124,ORD-01172,R02,SwiftShip,96,2026-09-25,2026-09-24,Delivered
SHP-01125,ORD-01173,R03,QuickCart,104,2026-09-23,2026-09-20,Delivered
SHP-01126,ORD-01174,R04,QuickCart,187,2026-09-21,2026-09-25,Delivered
SHP-01127,ORD-01175,R01,QuickCart,113,2026-09-21,2026-09-20,Delivered
SHP-01128,ORD-01177,R03,SwiftShip,106,2026-09-11,2026-09-16,Delivered
SHP-01129,ORD-01178,R04,ParcelRoute,183,2026-09-29,2026-09-26,Delivered
SHP-01130,ORD-01179,R01,SwiftShip,96,2026-09-10,2026-09-12,Delivered
SHP-01131,ORD-01180,R02,ParcelRoute,70,2026-09-10,2026-09-15,Delivered
SHP-01132,ORD-01181,R03,QuickCart,102,2026-09-19,2026-09-20,Delivered
SHP-01133,ORD-01182,R04,ParcelRoute,178,2026-09-18,2026-09-20,Delivered
SHP-01134,ORD-01183,R01,QuickCart,108,2026-09-09,2026-09-09,Delivered
SHP-01135,ORD-01184,R02,ParcelRoute,79,2026-09-22,2026-09-19,Delivered
SHP-01136,ORD-01185,R03,QuickCart,78,2026-09-06,2026-09-08,Delivered
SHP-01137,ORD-01186,R04,SwiftShip,161,2026-10-03,2026-10-01,Delivered
SHP-01138,ORD-01187,R01,QuickCart,110,2026-09-29,2026-09-29,Delivered
SHP-01139,ORD-01188,R02,ParcelRoute,84,2026-09-23,2026-09-25,Delivered
SHP-01140,ORD-01189,R03,QuickCart,81,2026-09-11,2026-09-07,Delivered
SHP-01141,ORD-01190,R04,ParcelRoute,178,2026-09-08,2026-09-06,Delivered
SHP-01142,ORD-01191,R01,QuickCart,96,2026-09-06,2026-09-06,Delivered
SHP-01143,ORD-01192,R02,SwiftShip,73,2026-09-08,2026-09-09,Delivered
SHP-01144,ORD-01193,R03,QuickCart,77,2026-09-19,2026-09-20,Delivered
SHP-01145,ORD-01194,R04,QuickCart,168,2026-09-06,2026-09-11,Delivered
SHP-01146,ORD-01195,R01,QuickCart,100,2026-09-17,2026-09-20,Delivered
SHP-01147,ORD-01196,R02,SwiftShip,91,2026-09-12,2026-09-16,Delivered
SHP-01148,ORD-01197,R03,SwiftShip,97,2026-09-24,2026-09-25,Delivered
SHP-01149,ORD-01198,R04,ParcelRoute,196,2026-09-29,2026-10-02,Delivered
SHP-01150,ORD-01199,R01,ParcelRoute,99,2026-09-14,2026-09-16,Delivered
